ts_utc,file,speaker,pred_class,confidence,entropy,rms,text,prob_happy,prob_angry,prob_fear,prob_calm,prob_sad,prob_surprise
2025-12-31T16:52:13+00:00,mic:0,Speaker_0,calm,0.77198952,0.65061297,0.01738282,อบ ใน สิ่ง ที่ เรา ชอบ จะ ไป แงาว เลยง่,0.18265681,0.77198952,0.00000000,0.00000000,0.04535368,0.00000000
2025-12-31T16:52:26+00:00,mic:1,Speaker_0 [Match: Medium - Check for Clone,fear,0.57892925,0.91636596,0.01025705,ว่า อิน กับ เรื่อง อะไร ก็ จะ อิน ไป ด้วย กั,0.34730992,0.00000000,0.57892925,0.00000000,0.05631000,0.01745072
2025-12-31T16:52:37+00:00,mic:2,Speaker_0 [Match: Low - Tone Change?,angry,0.97922319,0.10104695,0.01085018,ใชชาย ห่าร เข้า อ เปอร์ เรท ง่าย,0.97922319,0.00000000,0.00000000,0.00000000,0.02077675,0.00000000
2025-12-31T16:52:38+00:00,mic:3,Speaker_0 [Match: Low - Tone Change?,angry,1.00000000,0.00000000,0.01202618,หาร ก็ เอา เปอเรด ง่าย ึถ้า,1.00000000,0.00000000,0.00000000,0.00000000,0.00000000,0.00000000
2025-12-31T16:52:39+00:00,mic:4,Speaker_0 [Match: Low - Tone Change?,angry,1.00000000,0.00000000,0.01073602,ถ้า เรา จง มาก นี แคิม โฟอร์ เลย งะ,1.00000000,0.00000000,0.00000000,0.00000000,0.00000000,0.00000000
2025-12-31T16:52:43+00:00,mic:5,Speaker_0 [Match: Medium - Check for Clone,happy,0.99444085,0.03582744,0.01038434,อืง เก้า คนเล็ก คน เล็ก เด็ก อะไร่ คนุม,0.00000000,0.00000000,0.00000000,0.99444085,0.00516677,0.00039246
2025-12-31T16:52:44+00:00,mic:6,Speaker_0 [Match: Medium - Check for Clone,angry,1.00000000,0.00000000,0.01098020,คน เล็ก เล็ก อะไร คน กลุ่ม เล็ก เล็ก,1.00000000,0.00000000,0.00000000,0.00000000,0.00000000,0.00000000
2025-12-31T16:52:45+00:00,mic:7,Speaker_0 [Match: Low - Tone Change?,angry,0.95382428,0.18709711,0.01260354,ณ คลุ่ม เล็ก เล็กเขาะ นมเลย,0.95382428,0.00000000,0.04617574,0.00000000,0.00000000,0.00000000
2025-12-31T16:52:46+00:00,mic:8,Speaker_0 [Match: Low - Tone Change?,angry,1.00000000,0.00000000,0.01000914,เขาะ หนู้ อ เลย ไง่ คว่ะ,1.00000000,0.00000000,0.00000000,0.00000000,0.00000000,0.00000000
2025-12-31T16:53:22+00:00,mic:9,Speaker_1,angry,1.00000000,0.00000000,0.01124588,นเพื่อน ขา เอ้ะ,1.00000000,0.00000000,0.00000000,0.00000000,0.00000000,0.00000000
2025-12-31T16:53:23+00:00,mic:10,Speaker_1 [Match: Low - Tone Change?,angry,1.00000000,0.00000000,0.01270744,ฝา โอ้ อ่,1.00000000,0.00000000,0.00000000,0.00000000,0.00000000,0.00000000
2025-12-31T16:53:24+00:00,mic:11,Speaker_2,angry,1.00000000,0.00000000,0.01106920,กลึ่ง ผูวิ่หิง กอนฝริ่ง,1.00000000,0.00000000,0.00000000,0.00000000,0.00000000,0.00000000
2025-12-31T16:54:18+00:00,mic:12,Speaker_3,fear,0.64310497,0.94191483,0.01033502,อด อ่น อึ่น อื่ง,0.00000000,0.13625129,0.64310497,0.00000000,0.20632848,0.01431536
2025-12-31T16:54:29+00:00,mic:13,Speaker_4,angry,1.00000000,0.00000000,0.01149856,ไม่ต้อง ผูดหวัง หมไม่ จะ ไป ด้วยไฟอ,1.00000000,0.00000000,0.00000000,0.00000000,0.00000000,0.00000000
2025-12-31T16:54:30+00:00,mic:14,Speaker_4 [Match: Low - Tone Change?,angry,0.99943143,0.00481682,0.01217120,ไป เดิน แฟ์ว หรอ เ่อตืวน่ เคียว หรืยัง,0.99943143,0.00000000,0.00000000,0.00000000,0.00000000,0.00056855
2025-12-31T16:54:31+00:00,mic:15,Speaker_5,angry,1.00000000,0.00000000,0.01219878,เตือมันแน คิว่ หร ยัง ถ้า อย่าง นิ ยา วาม บอ,1.00000000,0.00000000,0.00000000,0.00000000,0.00000000,0.00000000
2025-12-31T16:54:32+00:00,mic:16,Speaker_5 [Match: Low - Tone Change?,angry,1.00000000,0.00000000,0.01009272,ยัง ให้ ยัง นิ แย่ วาม บอก อะ ถ้า เป็น กลุ่ม ใหญ่,1.00000000,0.00000000,0.00000000,0.00000000,0.00000000,0.00000000
2025-12-31T16:54:36+00:00,mic:17,Speaker_0 [Match: Low - Tone Change?,angry,1.00000000,0.00000000,0.01025238,ง ดี่ ชาย ก็ ถือหลัง หม่ ทง,1.00000000,0.00000000,0.00000000,0.00000000,0.00000000,0.00000000
2025-12-31T16:54:43+00:00,mic:18,Speaker_6,angry,1.00000000,0.00000000,0.01136336,แต่ ถ้า ฉัน ถ้า เป็น กลุ่ม ใหญ่ มัน ก็ ต้อง รู้จัก สไตล,1.00000000,0.00000000,0.00000000,0.00000000,0.00000000,0.00000000
2025-12-31T16:54:44+00:00,mic:19,Speaker_6 [Match: High,angry,0.56280595,1.10682312,0.01016920,เป็น กุ่ม ใหญ่ มัน ก็ ต้อง รู้จัก สไตล์ ของ แต่ละคน ด้วย แหละ,0.56280595,0.00000000,0.08328796,0.02752271,0.29101580,0.03536763
2025-12-31T16:54:45+00:00,mic:20,Speaker_6 [Match: Medium - Check for Clone,angry,0.98531365,0.07656647,0.01022249,รู้จัก สไตล์ ของ แต่ละ คน ด้วย แหละ แบ ชชา,0.98531365,0.00000000,0.00000000,0.00000000,0.01468629,0.00000000
2025-12-31T16:54:46+00:00,mic:21,Speaker_6 [Match: Medium - Check for Clone,angry,0.86986291,0.39272639,0.01053601,ละ คน ด้วย แหละ แบ็บช่า ว่า แต่ละ คน เป็น ยังไง,0.86986291,0.00000000,0.00000000,0.00000000,0.12909271,0.00104433
2025-12-31T16:54:47+00:00,mic:22,Speaker_6 [Match: Medium - Check for Clone,angry,1.00000000,0.00000000,0.01117514,ว่าแต่ละ คน เป็น ยังไง ว่า ไอ้ หมอ นี่ มา ทา,1.00000000,0.00000000,0.00000000,0.00000000,0.00000000,0.00000000
2025-12-31T16:54:51+00:00,mic:23,Speaker_6 [Match: Medium - Check for Clone,angry,1.00000000,0.00000000,0.01046230,คย นางหา และอากระบาง เรา จะ ค่อนข้าง รุ,1.00000000,0.00000000,0.00000000,0.00000000,0.00000000,0.00000000
2025-12-31T16:55:09+00:00,mic:24,Speaker_6 [Match: Medium - Check for Clone,angry,1.00000000,0.00000000,0.01078746,เรา ถ้าหากว่า เรา มายยาง บน มุมมาก เลย ทุกคน ชอบ แล้วก็ แจ บา,1.00000000,0.00000000,0.00000000,0.00000000,0.00000000,0.00000000
2025-12-31T16:55:46+00:00,mic:25,Speaker_4 [Match: Low - Tone Change?,angry,1.00000000,0.00000000,0.01037263,เธอดี หน ทีม ที่ ไอราจ,1.00000000,0.00000000,0.00000000,0.00000000,0.00000000,0.00000000
2025-12-31T16:55:49+00:00,mic:26,Speaker_0 [Match: Low - Tone Change?,angry,1.00000000,0.00000000,0.01057841,ดีจริงม้า,1.00000000,0.00000000,0.00000000,0.00000000,0.00000000,0.00000000
2025-12-31T16:55:50+00:00,mic:27,Speaker_0 [Match: Low - Tone Change?,angry,1.00000000,0.00000000,0.01134864,บ่า นึ่ง อยู่เลยยัง,1.00000000,0.00000000,0.00000000,0.00000000,0.00000000,0.00000000
2025-12-31T16:55:52+00:00,mic:28,Speaker_6 [Match: Low - Tone Change?,angry,1.00000000,0.00000000,0.01091829,นึง อยู่ ลวยา เก่อ เต่า เมื่อ ป,1.00000000,0.00000000,0.00000000,0.00000000,0.00000000,0.00000000
2025-12-31T16:55:53+00:00,mic:29,Speaker_6 [Match: Low - Tone Change?,angry,1.00000000,0.00000000,0.01072828,รวยา ก่อ เต่า เมื่อ ปีนุ่ม,1.00000000,0.00000000,0.00000000,0.00000000,0.00000000,0.00000000
2025-12-31T16:56:16+00:00,mic:30,Speaker_6 [Match: Low - Tone Change?,angry,1.00000000,0.00000000,0.01146559,ธือ ไม่ ได้ ปร บราบจริง หนาจริง นละก,1.00000000,0.00000000,0.00000000,0.00000000,0.00000000,0.00000000
2025-12-31T16:56:17+00:00,mic:31,Speaker_6 [Match: Low - Tone Change?,angry,1.00000000,0.00000000,0.01313940,จิง นะ จิง แน่ว ล่อ เวาไหล ต่ำ,1.00000000,0.00000000,0.00000000,0.00000000,0.00000000,0.00000000
2025-12-31T16:56:18+00:00,mic:32,Speaker_0 [Match: Low - Tone Change?,angry,0.62479621,0.66166725,0.01285902,รรน ลงไหล ตาม เป เถอ ใส จ้าไหล,0.62479621,0.00000000,0.00000000,0.37520382,0.00000000,0.00000000
2025-12-31T16:56:20+00:00,mic:33,Speaker_0 [Match: Low - Tone Change?,angry,1.00000000,0.00000000,0.01016901,ถือใสั ให้ เรา จะ ไหล ตาม แบบได้,1.00000000,0.00000000,0.00000000,0.00000000,0.00000000,0.00000000
2025-12-31T16:56:33+00:00,mic:34,Speaker_6 [Match: Low - Tone Change?,angry,1.00000000,0.00000000,0.01025082,มื่อไหร่ เรา จะ ล่าง เหาอื่น บ้าง กัน นะ,1.00000000,0.00000000,0.00000000,0.00000000,0.00000000,0.00000000
2025-12-31T16:56:34+00:00,mic:35,Speaker_6 [Match: Low - Tone Change?,angry,1.00000000,0.00000000,0.01110302,อื่น บ้าง กัน นั้นน เดือดรา เมือ เรืนนำ สะคว้าย ต่อไป,1.00000000,0.00000000,0.00000000,0.00000000,0.00000000,0.00000000
2025-12-31T16:56:35+00:00,mic:36,Speaker_0 [Match: Low - Tone Change?,angry,0.96394008,0.15521352,0.01151083,เดือน นำ ว่า เรือน สะ ค่อย ต่อไป หรือเปล่า,0.96394008,0.00000000,0.00000000,0.00000000,0.03605992,0.00000000
2025-12-31T16:56:36+00:00,mic:37,Speaker_0 [Match: Medium - Check for Clone,angry,0.96007407,0.16770865,0.01112155,ออก ไป หรืเปล่า ลงเล หนั,0.96007407,0.00000000,0.00000000,0.00000000,0.03992591,0.00000000
2025-12-31T16:56:41+00:00,mic:38,Speaker_6 [Match: Low - Tone Change?,angry,1.00000000,0.00000000,0.01024259,ป้ คือ อะไร ในข้อะ สารเงิน เอียโงู ชควร,1.00000000,0.00000000,0.00000000,0.00000000,0.00000000,0.00000000
2025-12-31T16:56:42+00:00,mic:39,Speaker_6 [Match: Low - Tone Change?,angry,0.85810947,0.40838052,0.01084852,ข้อ สาร เงิน อียก หมู ควน เรส,0.85810947,0.00000000,0.00000000,0.14189050,0.00000000,0.00000000
2025-12-31T16:56:43+00:00,mic:40,Speaker_6 [Match: Low - Tone Change?,angry,1.00000000,0.00000000,0.01221655,อวน เลสโก มี คน มิ ลเบี้ยน,1.00000000,0.00000000,0.00000000,0.00000000,0.00000000,0.00000000
2025-12-31T16:56:44+00:00,mic:41,Speaker_7,angry,1.00000000,0.00000000,0.01258808,มี คน มีอ เบี้ยน ด้วย คา คุณนะำ,1.00000000,0.00000000,0.00000000,0.00000000,0.00000000,0.00000000
2025-12-31T16:56:45+00:00,mic:42,Speaker_7 [Match: Low - Tone Change?,angry,1.00000000,0.00000000,0.01155672,นิ้ว บี อัน ด้วย คา คุณนา,1.00000000,0.00000000,0.00000000,0.00000000,0.00000000,0.00000000
2025-12-31T16:56:46+00:00,mic:43,Speaker_7 [Match: Low - Tone Change?,angry,1.00000000,0.00000000,0.01155951,คุณ น้า ้วิ่ง นีปี้ย อจะ ต้อง ได้,1.00000000,0.00000000,0.00000000,0.00000000,0.00000000,0.00000000
2025-12-31T16:56:47+00:00,mic:44,Speaker_8,angry,1.00000000,0.00000000,0.01191551,วิ่ง นี้ เปี้ยร์ ต้อง ไน้ ขา,1.00000000,0.00000000,0.00000000,0.00000000,0.00000000,0.00000000
2025-12-31T16:56:49+00:00,mic:45,Speaker_8 [Match: Medium - Check for Clone,angry,1.00000000,0.00000000,0.01300309,เขาคะคัคัธา พูช ธายาง,1.00000000,0.00000000,0.00000000,0.00000000,0.00000000,0.00000000
2025-12-31T16:56:50+00:00,mic:46,Speaker_8 [Match: Low - Tone Change?,angry,1.00000000,0.00000000,0.01021617,พูด อากา ให้ ยาม เหรื่อง ลั่นลาง,1.00000000,0.00000000,0.00000000,0.00000000,0.00000000,0.00000000
2025-12-31T16:56:55+00:00,mic:47,Speaker_8 [Match: Low - Tone Change?,angry,1.00000000,0.00000000,0.01040601,พวกผุม อยู่ คง มีโอ เบี้ยน รา คาว ขน นะ,1.00000000,0.00000000,0.00000000,0.00000000,0.00000000,0.00000000
2025-12-31T16:57:40+00:00,mic:48,Speaker_6 [Match: Low - Tone Change?,angry,1.00000000,0.00000000,0.01064847,งุ่น เรา จะ วา ยุณ เป็น ข้อ เจ็ด หนอย นั่น ล่ะ,1.00000000,0.00000000,0.00000000,0.00000000,0.00000000,0.00000000
2025-12-31T16:57:42+00:00,mic:49,Speaker_6 [Match: Low - Tone Change?,happy,1.00000000,0.00000000,0.01027204,เจ็ส หรอ นั่น ล่ะ กูณ เธึง ป ไป ไปต้,0.00000000,0.00000000,0.00000000,1.00000000,0.00000000,0.00000000
2025-12-31T16:57:43+00:00,mic:50,Speaker_8 [Match: Low - Tone Change?,angry,0.98566401,0.07508889,0.01157747,เพลิง หั้ง ลาว มตัดหด,0.98566401,0.00000000,0.00000000,0.00000000,0.01433603,0.00000000
2025-12-31T16:57:44+00:00,mic:51,Speaker_8 [Match: Low - Tone Change?,angry,1.00000000,0.00000000,0.01003802,าว หดปด โล้ว อะไรสิบทาสเกม,1.00000000,0.00000000,0.00000000,0.00000000,0.00000000,0.00000000
2025-12-31T16:57:49+00:00,mic:52,Speaker_0 [Match: Low - Tone Change?,angry,1.00000000,0.00000000,0.01011164,แล้ว หมด เดี๋ยว ได้ เรอะ ดวง ข้อ ตอก ไป ไหม,1.00000000,0.00000000,0.00000000,0.00000000,0.00000000,0.00000000
2025-12-31T16:57:50+00:00,mic:53,Speaker_0 [Match: Medium - Check for Clone,angry,0.77039695,0.65771921,0.01037863,เรือง ขอ จาก เป็ ม้อง หลาม ตลอดไป,0.77039695,0.00000000,0.00000000,0.04891350,0.18068956,0.00000000
2025-12-31T16:57:51+00:00,mic:54,Speaker_0 [Match: Medium - Check for Clone,angry,1.00000000,0.00000000,0.01248395,เรา จะ เป็น ไอหลาม ตลอดไป,1.00000000,0.00000000,0.00000000,0.00000000,0.00000000,0.00000000
2025-12-31T16:57:53+00:00,mic:55,Speaker_0 [Match: Low - Tone Change?,angry,1.00000000,0.00000000,0.01010182,ลอดไป ไมั ซึ่ง จำเป็ด แป ด แผ พ,1.00000000,0.00000000,0.00000000,0.00000000,0.00000000,0.00000000
2025-12-31T16:57:57+00:00,mic:56,Speaker_6 [Match: Low - Tone Change?,fear,0.53917772,0.69007424,0.01029801,าต้อ กลายเป็น ข้าวสูง อาก ไปุด ป เป็ดปด,0.00000000,0.00000000,0.53917772,0.00000000,0.46082228,0.00000000
2025-12-31T16:57:58+00:00,mic:57,Speaker_9,angry,0.83274567,0.45150576,0.01044185,อ่า คุณ ไป ไปปตัด เพือกัตารา,0.83274567,0.00000000,0.00000000,0.00000000,0.16725431,0.00000000
2025-12-31T16:58:02+00:00,mic:58,Speaker_6 [Match: Low - Tone Change?,angry,0.80341822,0.49562706,0.01001759,เอาไว้ ที่ ลัน เป็นปัญหา ของ อนาคต ผม เมา,0.80341822,0.00000000,0.00000000,0.00000000,0.19658172,0.00000000
2025-12-31T16:58:03+00:00,mic:59,Speaker_6 [Match: Low - Tone Change?,angry,1.00000000,0.00000000,0.01064102,หา ของ อนาคต ผม เมา อะไร ก็ยัน นี้,1.00000000,0.00000000,0.00000000,0.00000000,0.00000000,0.00000000
2025-12-31T16:58:04+00:00,mic:60,Speaker_6 [Match: Low - Tone Change?,angry,1.00000000,0.00000000,0.01030313,าว อะไร บ้าง นึ่งรไม่,1.00000000,0.00000000,0.00000000,0.00000000,0.00000000,0.00000000
2025-12-31T16:58:27+00:00,mic:61,Speaker_10,angry,1.00000000,0.00000000,0.01229706,น เธอ ยา,1.00000000,0.00000000,0.00000000,0.00000000,0.00000000,0.00000000
2025-12-31T16:58:28+00:00,mic:62,Speaker_11,angry,1.00000000,0.00000000,0.01426273,ดา,1.00000000,0.00000000,0.00000000,0.00000000,0.00000000,0.00000000
2025-12-31T16:58:29+00:00,mic:63,Speaker_12,angry,1.00000000,0.00000000,0.01309832,มง ทง มันั้น,1.00000000,0.00000000,0.00000000,0.00000000,0.00000000,0.00000000
2025-12-31T16:58:30+00:00,mic:64,Speaker_13,angry,1.00000000,0.00000000,0.01068639,พูก สอา ว่งวง ลานก าคา,1.00000000,0.00000000,0.00000000,0.00000000,0.00000000,0.00000000
2025-12-31T16:58:31+00:00,mic:65,Speaker_9 [Match: Low - Tone Change?,angry,1.00000000,0.00000000,0.01072678,อาพิ ลกา หาหา ถนะวร นี่ สิบแปด,1.00000000,0.00000000,0.00000000,0.00000000,0.00000000,0.00000000
2025-12-31T16:58:33+00:00,mic:66,Speaker_9 [Match: Low - Tone Change?,angry,1.00000000,0.00000000,0.01087004,ะ ถ นะด เถอก เอา อัน ยี่ สิบ แป้ แอวรอ,1.00000000,0.00000000,0.00000000,0.00000000,0.00000000,0.00000000
2025-12-31T16:58:34+00:00,mic:67,Speaker_6 [Match: Low - Tone Change?,happy,0.56001598,0.68592595,0.01022976,ด ใต้ ยัน เอล่ะ เพื่อ ไป ้ ต้ ที่ หา หา เธอ แล้ว,0.43998399,0.00000000,0.00000000,0.56001598,0.00000000,0.00000000
2025-12-31T16:58:35+00:00,mic:68,Speaker_6 [Match: Low - Tone Change?,angry,1.00000000,0.00000000,0.01013534,หันเธอ แล้ว มือใหลา อืเสียน้ว,1.00000000,0.00000000,0.00000000,0.00000000,0.00000000,0.00000000
2025-12-31T16:59:38+00:00,mic:69,Speaker_6 [Match: Medium - Check for Clone,angry,1.00000000,0.00000000,0.01075595,เคลง ท่ายเริ้ม จาก หนัวนา เลย ได้ สักกำลัง,1.00000000,0.00000000,0.00000000,0.00000000,0.00000000,0.00000000
2025-12-31T16:59:40+00:00,mic:70,Speaker_6 [Match: Medium - Check for Clone,angry,1.00000000,0.00000000,0.01059276,ถเริ่ม จาก หนัวนา เลาย ได้ สก กำลัง หม่อย ใหม่,1.00000000,0.00000000,0.00000000,0.00000000,0.00000000,0.00000000
2025-12-31T17:00:04+00:00,mic:71,Speaker_0 [Match: Low - Tone Change?,angry,1.00000000,0.00000000,0.01055623,ก่อถัก เรา ไป ใน ที่ ทุกคน เยอะ มาก อย่าง ชัน ที่ไหน กับ,1.00000000,0.00000000,0.00000000,0.00000000,0.00000000,0.00000000
2025-12-31T17:00:07+00:00,mic:72,Speaker_0 [Match: Low - Tone Change?,angry,1.00000000,0.00000000,0.01107688,รู้ บับ ดี ฟ ซิส ไม่ นี่ ละ แนน,1.00000000,0.00000000,0.00000000,0.00000000,0.00000000,0.00000000
2025-12-31T17:00:08+00:00,mic:73,Speaker_0 [Match: Low - Tone Change?,angry,1.00000000,0.00000000,0.01175943,มีระ แหนม อยู ที่ อู้น ปัก แถว ได้ ลัง,1.00000000,0.00000000,0.00000000,0.00000000,0.00000000,0.00000000
2025-12-31T17:00:09+00:00,mic:74,Speaker_8 [Match: Low - Tone Change?,angry,1.00000000,0.00000000,0.01152864,เธอ ดี เรา รลัง ราคาพาพา,1.00000000,0.00000000,0.00000000,0.00000000,0.00000000,0.00000000
2025-12-31T17:00:17+00:00,mic:75,Speaker_0 [Match: Low - Tone Change?,angry,0.97247756,0.12602155,0.01112484,าร์ก อย่างเช่น เออ ตัว โต เกี่ยว น เกียว ละเล,0.97247756,0.00000000,0.00000000,0.00000000,0.02752245,0.00000000
2025-12-31T17:00:18+00:00,mic:76,Speaker_0 [Match: Medium - Check for Clone,angry,0.98268747,0.08738684,0.01230591,โตโตเกี่ยวเกียว ว่าเลแลว,0.98268747,0.00000000,0.00000000,0.00000000,0.01731247,0.00000000
2025-12-31T17:00:19+00:00,mic:77,Speaker_14,angry,1.00000000,0.00000000,0.01148182,แขา ชู มอัวตา กักรา,1.00000000,0.00000000,0.00000000,0.00000000,0.00000000,0.00000000
2025-12-31T17:00:43+00:00,mic:78,Speaker_0 [Match: Medium - Check for Clone,angry,1.00000000,0.00000000,0.01095647,ได้ ก็ อยาก จะ ประหยัด ค่ะ,1.00000000,0.00000000,0.00000000,0.00000000,0.00000000,0.00000000
2025-12-31T17:00:47+00:00,mic:79,Speaker_6 [Match: Low - Tone Change?,angry,1.00000000,0.00000000,0.01090015,ง ได ก็ อยาง ตัวด ประอยาก มัน กำลัง ขลายราง ไม่ อยาก,1.00000000,0.00000000,0.00000000,0.00000000,0.00000000,0.00000000
2025-12-31T17:01:09+00:00,mic:80,Speaker_0 [Match: Low - Tone Change?,fear,0.58438474,1.13570032,0.01045290,เรือ ทปรับ จ่าย คน เรา ยัง รู้สึก ว่าหู้,0.15360104,0.11441256,0.58438474,0.00000000,0.14705993,0.00054173
2025-12-31T17:01:10+00:00,mic:81,Speaker_0 [Match: Medium - Check for Clone,angry,1.00000000,0.00000000,0.01074733,จ่าย คน เรา ยัง รู้สึก ว่า หู่ ไม่คง ได,1.00000000,0.00000000,0.00000000,0.00000000,0.00000000,0.00000000
2025-12-31T17:01:11+00:00,mic:82,Speaker_0 [Match: Low - Tone Change?,angry,1.00000000,0.00000000,0.01044083, ไม่ คง ได้ ล ละ ที บับ แค่นิ้มู,1.00000000,0.00000000,0.00000000,0.00000000,0.00000000,0.00000000
2025-12-31T17:01:25+00:00,mic:83,Speaker_0 [Match: Medium - Check for Clone,angry,1.00000000,0.00000000,0.01005385,แต่ มีแนวโนน ว่า จะ จ่าย,1.00000000,0.00000000,0.00000000,0.00000000,0.00000000,0.00000000
2025-12-31T17:01:27+00:00,mic:84,Speaker_0 [Match: Medium - Check for Clone,angry,1.00000000,0.00000000,0.01283081,แต่ มีแนวโนอน ว่า จะ จ่าย,1.00000000,0.00000000,0.00000000,0.00000000,0.00000000,0.00000000
2025-12-31T17:01:28+00:00,mic:85,Speaker_15,angry,1.00000000,0.00000000,0.01096315,ย ฟัน ำาง ล า อะ รัก คัก ัก,1.00000000,0.00000000,0.00000000,0.00000000,0.00000000,0.00000000
2025-12-31T17:01:29+00:00,mic:86,Speaker_8 [Match: Low - Tone Change?,angry,1.00000000,0.00000000,0.01008354,อั ราก สรัก พัก เดว ไห,1.00000000,0.00000000,0.00000000,0.00000000,0.00000000,0.00000000
2025-12-31T17:01:31+00:00,mic:87,Speaker_6 [Match: Low - Tone Change?,angry,1.00000000,0.00000000,0.01010607,เดว โร้ม แนวโน้ม วูด ไอ วา คุณ,1.00000000,0.00000000,0.00000000,0.00000000,0.00000000,0.00000000
2025-12-31T17:01:48+00:00,mic:88,Speaker_6 [Match: Low - Tone Change?,fear,0.56293386,0.90007233,0.01043926, ถึง เวลา แล้ว ไปเที่ยว อ่ะ เรา ม,0.35325229,0.00000000,0.56293386,0.00000000,0.08364096,0.00017291
2025-12-31T17:02:07+00:00,mic:89,Speaker_6 [Match: Medium - Check for Clone,angry,1.00000000,0.00000000,0.01059716,สนิแล อะไร งะ มัน ก็ มี เวลา แค่,1.00000000,0.00000000,0.00000000,0.00000000,0.00000000,0.00000000
2025-12-31T17:02:08+00:00,mic:90,Speaker_6 [Match: Medium - Check for Clone,angry,1.00000000,0.00000000,0.01018950,มัน ก็ มี เวลา แค่ อะ วัน ละ พัก,1.00000000,0.00000000,0.00000000,0.00000000,0.00000000,0.00000000
2025-12-31T17:02:23+00:00,mic:91,Speaker_6 [Match: Low - Tone Change?,angry,0.94665098,0.20826061,0.01035486,ซึง บันได เต่น แล้ว เอ้ วาห์ เป็น พว,0.94665098,0.00000000,0.00000000,0.00000000,0.05334904,0.00000000
2025-12-31T17:02:28+00:00,mic:92,Speaker_6 [Match: Low - Tone Change?,angry,0.87164998,0.38360900,0.01046209,น เอาต์ คือ คึ้ง ขกคั้ง เธอ หมู้กู่ เห็น อาหาร อา,0.87164998,0.00000000,0.12830909,0.00000000,0.00000000,0.00004098
2025-12-31T17:02:29+00:00,mic:93,Speaker_6 [Match: Medium - Check for Clone,angry,1.00000000,0.00000000,0.01146544,หูปู่ เล็น อาหาร อ่าอ่า ขย่ง,1.00000000,0.00000000,0.00000000,0.00000000,0.00000000,0.00000000
2025-12-31T17:02:30+00:00,mic:94,Speaker_6 [Match: Medium - Check for Clone,angry,1.00000000,0.00000000,0.01062978,า อ่า คำเตียก ของ นี้ ซิ่ง แอัล โฟโม่ คือ ต้งก,1.00000000,0.00000000,0.00000000,0.00000000,0.00000000,0.00000000
2025-12-31T17:03:15+00:00,mic:95,Speaker_16,angry,0.56561172,0.88640657,0.01045013,ถาม ั ขึ้น มัน ไรย อะ เออ เอ้อ เอ้ะ อ่าว ยอม,0.56561172,0.00000000,0.35807535,0.00000000,0.07631295,0.00000000
2025-12-31T17:03:16+00:00,mic:96,Speaker_16 [Match: Medium - Check for Clone,angry,0.84031343,0.50289273,0.01166631,เออะ เออะ เอะ อัว ย่อม ด่,0.84031343,0.00000000,0.13783577,0.00000000,0.02185070,0.00000000
2025-12-31T17:03:17+00:00,mic:97,Speaker_16 [Match: Medium - Check for Clone,angry,1.00000000,0.00000000,0.01016197,า ย่อม ด่ จาก ถาม ว่า ระวั่ง,1.00000000,0.00000000,0.00000000,0.00000000,0.00000000,0.00000000
2025-12-31T17:03:22+00:00,mic:98,Speaker_8 [Match: Low - Tone Change?,angry,1.00000000,0.00000000,0.01144197,คน ันตักักกักักก เพื่อ พกับเปี้ยนเมิง,1.00000000,0.00000000,0.00000000,0.00000000,0.00000000,0.00000000
2025-12-31T17:03:32+00:00,mic:99,Speaker_6 [Match: Low - Tone Change?,angry,0.96630639,0.14735584,0.01118358,สาม เมง บิน ทอง เคือบ บิน ทรง,0.96630639,0.00000000,0.00000000,0.00000000,0.03369359,0.00000000
2025-12-31T17:03:34+00:00,mic:100,Speaker_6 [Match: Low - Tone Change?,angry,1.00000000,0.00000000,0.01212121,บิน ตรง,1.00000000,0.00000000,0.00000000,0.00000000,0.00000000,0.00000000
2025-12-31T17:03:35+00:00,mic:101,Speaker_6 [Match: Low - Tone Change?,angry,1.00000000,0.00000000,0.01059270,ทรง ห้อง ่ ห่อหั รูกบา ตัน ไมห้ไก,1.00000000,0.00000000,0.00000000,0.00000000,0.00000000,0.00000000
2025-12-31T17:03:40+00:00,mic:102,Speaker_0 [Match: Low - Tone Change?,fear,0.88545829,0.35590677,0.01020196,ผม ยัง ไม่ เคย บิน ต่อ เคือน ก็ เลย,0.00000000,0.00000000,0.88545829,0.00000000,0.11454171,0.00000000
2025-12-31T17:04:08+00:00,mic:103,Speaker_6 [Match: Low - Tone Change?,angry,0.69376838,0.87330133,0.01023203,อ่า ถ้า ต่อ เครื่อง แล้ว มี เวลา ต่อ เครื่อง สัก สิบเอ็ด ชั่วโมง,0.69376838,0.18444185,0.10682511,0.00000000,0.01286993,0.00209480
2025-12-31T17:04:11+00:00,mic:104,Speaker_6 [Match: Low - Tone Change?,calm,0.47920212,1.20683009,0.01027136,สิบเอ็ด ชั่วโมง สิบสอง ชั่วโมง หลาย หง หรือว่,0.10499717,0.47920212,0.29320425,0.00000000,0.12252185,0.00007470
2025-12-31T17:04:15+00:00,mic:105,Speaker_6 [Match: Medium - Check for Clone,angry,0.47383043,1.15247791,0.01041453,ถือว่า โอเค แต่ว่า ถ้าหากว่า ต่อเครื่อง ลบ มัน,0.47383043,0.24356087,0.25345409,0.00000000,0.02836765,0.00078695
2025-12-31T17:04:16+00:00,mic:106,Speaker_6 [Match: Medium - Check for Clone,angry,0.62291694,0.95941088,0.01109504,แต่ว่า ถ้าหากว่า ต่อเครื่อง แล้ว มัน ต่อเครื่อง แค่ หนึ่ง ชม,0.62291694,0.12811942,0.23519967,0.00000000,0.01333741,0.00042655
2025-12-31T17:04:19+00:00,mic:107,Speaker_6 [Match: Low - Tone Change?,angry,0.77535373,0.60727460,0.01187532,เข้าวัน อ่างถึงใข้อืก เจ้าอ วัน อัาตะวัน จากล้าว เอิง,0.77535373,0.00000000,0.20148450,0.00000000,0.02316179,0.00000000
2025-12-31T17:04:20+00:00,mic:108,Speaker_6 [Match: Low - Tone Change?,angry,1.00000000,0.00000000,0.01305583,เจ้า มร ร ศตน จง ว่า ยิ่ง หนีหนึ่ง ม,1.00000000,0.00000000,0.00000000,0.00000000,0.00000000,0.00000000
2025-12-31T17:04:21+00:00,mic:109,Speaker_6 [Match: Low - Tone Change?,angry,1.00000000,0.00000000,0.01321201,ตคุนจก วาก ยิ่ง หดีหนึ่ง มาก เออ ใช่ อย่า ทันผ้า,1.00000000,0.00000000,0.00000000,0.00000000,0.00000000,0.00000000
2025-12-31T17:04:23+00:00,mic:110,Speaker_17,angry,1.00000000,0.00000000,0.01049101,เออ ใช่ ยา เป็น ข้าห น่า เนือ,1.00000000,0.00000000,0.00000000,0.00000000,0.00000000,0.00000000
2025-12-31T17:05:21+00:00,mic:111,Speaker_6 [Match: Low - Tone Change?,fear,0.34587398,1.09754866,0.01012847,อืม แต่ว่า ลอก บรรุษ มัน เพิ่ม ให้ มัน นิดหนึ่ง,0.34231958,0.00000000,0.34587398,0.00000000,0.31180647,0.00000000
2025-12-31T17:05:48+00:00,mic:112,Speaker_6 [Match: Low - Tone Change?,fear,0.48473784,0.98446479,0.01075106,อือ อือ จิ ยาบาล เป็นพั้อ ชอบ เดิน ท็อป ปิ้ง ด,0.39862600,0.00000000,0.48473784,0.00000000,0.11299734,0.00363882
2025-12-31T17:05:50+00:00,mic:113,Speaker_6 [Match: Low - Tone Change?,angry,0.89598429,0.33381778,0.01016488,จิย พา เป็นผู้ ชอบ เดิน ท็อป ปิ้ง ด้วย เพราะ งั้น ดู ที่ ฟ,0.89598429,0.00000000,0.00000000,0.00000000,0.10401566,0.00000000
2025-12-31T17:05:54+00:00,mic:114,Speaker_8 [Match: Low - Tone Change?,angry,1.00000000,0.00000000,0.01003012,พรม อยู ริ ต่งอากอะ,1.00000000,0.00000000,0.00000000,0.00000000,0.00000000,0.00000000
2025-12-31T17:05:55+00:00,mic:115,Speaker_8 [Match: Low - Tone Change?,angry,0.92959374,0.25468857,0.01098045,อัก อับ อบ อาก อาก อะ,0.92959374,0.00000000,0.00000000,0.07040627,0.00000000,0.00000000
2025-12-31T17:05:57+00:00,mic:116,Speaker_6 [Match: Low - Tone Change?,angry,1.00000000,0.00000000,0.01105663,เกาทาย ลเขา จ่าย ดู ดี้ ฟรี เครื่องส,1.00000000,0.00000000,0.00000000,0.00000000,0.00000000,0.00000000
2025-12-31T17:05:58+00:00,mic:117,Speaker_6 [Match: Medium - Check for Clone,angry,1.00000000,0.00000000,0.01057091,ดู ตี่ ฟรี เครื่อง สำอาง น้ำ หอม,1.00000000,0.00000000,0.00000000,0.00000000,0.00000000,0.00000000
2025-12-31T17:06:00+00:00,mic:118,Speaker_6 [Match: Medium - Check for Clone,angry,0.90211880,0.32040239,0.01012382,เครื่องสำอาง น้ำ หอม คือ สวรรค์ ของ ฉัน,0.90211880,0.00000000,0.09788120,0.00000000,0.00000000,0.00000000
2025-12-31T17:06:05+00:00,mic:119,Speaker_4 [Match: Low - Tone Change?,fear,0.76389492,0.66644797,0.01168742,สวัสดี ทุกวันที่ พึ่งค่า ว่า ใม่ เรอ นะ หา ยินดี ตอนำ ทวันั้น,0.20336680,0.02408192,0.76389492,0.00000000,0.00478573,0.00387056
2025-12-31T17:06:06+00:00,mic:120,Speaker_4 [Match: Low - Tone Change?,fear,0.72665709,0.68821552,0.01084385,ไม่ เลย นา ให้ ยินดี ตอนทำ ทุวัน นะขา,0.24722862,0.00000000,0.72665709,0.00000000,0.01877297,0.00734132
2025-12-31T17:06:07+00:00,mic:121,Speaker_4 [Match: Low - Tone Change?,fear,0.77811432,0.61824657,0.01195588,ส่น น้าขา หู,0.19648455,0.00000000,0.77811432,0.00000000,0.02198958,0.00341152
2025-12-31T17:06:16+00:00,mic:122,Speaker_6 [Match: Medium - Check for Clone,angry,1.00000000,0.00000000,0.01156607,อาคาส ที่ คลอด เดิลแีลดม คอนเสิร์ฟ อีก ดิน นึ่ง ขา,1.00000000,0.00000000,0.00000000,0.00000000,0.00000000,0.00000000
2025-12-31T17:06:18+00:00,mic:123,Speaker_6 [Match: Medium - Check for Clone,angry,1.00000000,0.00000000,0.01298607,เดลดียม คอนเสิร์ม อีก ดินนึ่ง ขอ สุน นา อดึง,1.00000000,0.00000000,0.00000000,0.00000000,0.00000000,0.00000000
2025-12-31T17:06:19+00:00,mic:124,Speaker_6 [Match: Medium - Check for Clone,angry,1.00000000,0.00000000,0.01204234,นึ่ง ของ ษหาย ยด้วย มาก้าสุดท้าย แล้ว,1.00000000,0.00000000,0.00000000,0.00000000,0.00000000,0.00000000
2025-12-31T17:06:40+00:00,mic:125,Speaker_6 [Match: Medium - Check for Clone,angry,1.00000000,0.00000000,0.01000848,ถ้า หากว่า อ อิ เคิ เล ซ ซี นึง อเที่ยว วาจ่าย น,1.00000000,0.00000000,0.00000000,0.00000000,0.00000000,0.00000000
2025-12-31T17:06:45+00:00,mic:126,Speaker_6 [Match: Low - Tone Change?,angry,1.00000000,0.00000000,0.01120808,อันนี้ เป็น คนว้าจ่าย ได้ เอ วาย ไม่ ยอม จ่าย เพ ลา,1.00000000,0.00000000,0.00000000,0.00000000,0.00000000,0.00000000
2025-12-31T17:06:58+00:00,mic:127,Speaker_18,angry,1.00000000,0.00000000,0.01064887,เคย ทำได้ เป็น การอาคาร แต่ ตอนนี้ แกะ,1.00000000,0.00000000,0.00000000,0.00000000,0.00000000,0.00000000
2025-12-31T17:07:00+00:00,mic:128,Speaker_18 [Match: Medium - Check for Clone,angry,1.00000000,0.00000000,0.01162950,นการ อาคาร แต่ ตอน บิ แก้ แล้กคา เป็นใหม่,1.00000000,0.00000000,0.00000000,0.00000000,0.00000000,0.00000000
2025-12-31T17:07:01+00:00,mic:129,Speaker_8 [Match: Low - Tone Change?,angry,1.00000000,0.00000000,0.01226905,น ว็น ไมน์ ล็อก ตหายาว,1.00000000,0.00000000,0.00000000,0.00000000,0.00000000,0.00000000
2025-12-31T17:07:02+00:00,mic:130,Speaker_8 [Match: Low - Tone Change?,angry,1.00000000,0.00000000,0.01214681,อยล สน เหยี้ยว ตั้กะ หลัก มีเดีย พูด,1.00000000,0.00000000,0.00000000,0.00000000,0.00000000,0.00000000
2025-12-31T17:07:03+00:00,mic:131,Speaker_8 [Match: Low - Tone Change?,angry,1.00000000,0.00000000,0.01309249,อยาก พวกสา อัสาก พูด กอ ไก่ เวอร์ ดอกมา,1.00000000,0.00000000,0.00000000,0.00000000,0.00000000,0.00000000
2025-12-31T17:07:05+00:00,mic:132,Speaker_8 [Match: Low - Tone Change?,angry,1.00000000,0.00000000,0.01256380,อย่า พูด กอ ไก่ เวิร์ ออกมาเนียบ หม่ย,1.00000000,0.00000000,0.00000000,0.00000000,0.00000000,0.00000000
2025-12-31T17:07:06+00:00,mic:133,Speaker_8 [Match: Low - Tone Change?,angry,1.00000000,0.00000000,0.01306976,เนียบ ไว ก็ ไม่ ดูอร่อย ไหญ่,1.00000000,0.00000000,0.00000000,0.00000000,0.00000000,0.00000000
2025-12-31T17:07:07+00:00,mic:134,Speaker_8 [Match: Low - Tone Change?,angry,1.00000000,0.00000000,0.01292249,เนียบไม ก็ง ไม่ ดู ละร่อย หลา ยิ้ม,1.00000000,0.00000000,0.00000000,0.00000000,0.00000000,0.00000000
2025-12-31T17:07:08+00:00,mic:135,Speaker_8 [Match: Low - Tone Change?,angry,1.00000000,0.00000000,0.01263504,อยใญยิ้ม สน จำเป็น ผู้ทงหลายปาก,1.00000000,0.00000000,0.00000000,0.00000000,0.00000000,0.00000000
2025-12-31T17:07:09+00:00,mic:136,Speaker_8 [Match: Low - Tone Change?,angry,1.00000000,0.00000000,0.01238128,ฉน จำเป็น ผู้ ไหน่ มาก,1.00000000,0.00000000,0.00000000,0.00000000,0.00000000,0.00000000
2025-12-31T17:07:11+00:00,mic:137,Speaker_8 [Match: Low - Tone Change?,angry,1.00000000,0.00000000,0.01220478,ฉัน สม ประ ปูด ส อไว,1.00000000,0.00000000,0.00000000,0.00000000,0.00000000,0.00000000
2025-12-31T17:07:12+00:00,mic:138,Speaker_8 [Match: Low - Tone Change?,angry,1.00000000,0.00000000,0.01158289,นาสทน นีออนหญ้า นาเป็นแตน่องปา,1.00000000,0.00000000,0.00000000,0.00000000,0.00000000,0.00000000
2025-12-31T17:07:13+00:00,mic:139,Speaker_8 [Match: Low - Tone Change?,angry,1.00000000,0.00000000,0.01176787,ยานายเป็นเตนองปลา แต่ให้ พุณใหาอม หมา,1.00000000,0.00000000,0.00000000,0.00000000,0.00000000,0.00000000
2025-12-31T17:07:14+00:00,mic:140,Speaker_8 [Match: Low - Tone Change?,happy,0.67028189,0.63397883,0.01072271,ต่อท้า คุณพยุม หมา,0.32971811,0.00000000,0.00000000,0.67028189,0.00000000,0.00000000
2025-12-31T17:07:19+00:00,mic:141,Speaker_8 [Match: Low - Tone Change?,angry,1.00000000,0.00000000,0.01042652,เลยย คน ประตู้ กาง คะโก้าก แก กา,1.00000000,0.00000000,0.00000000,0.00000000,0.00000000,0.00000000
2025-12-31T17:07:20+00:00,mic:142,Speaker_8 [Match: Low - Tone Change?,angry,1.00000000,0.00000000,0.01052344,ประตูวน ของคุ โก้ะก้า กา คุกกั,1.00000000,0.00000000,0.00000000,0.00000000,0.00000000,0.00000000
2025-12-31T17:07:42+00:00,mic:143,Speaker_4 [Match: Low - Tone Change?,happy,1.00000000,0.00000000,0.01010014,จาก ข้อ สาม หลาจาเป็น ข้อสอง ดี ใหน ก็ ไม่ เน็ส,0.00000000,0.00000000,0.00000000,1.00000000,0.00000000,0.00000000
2025-12-31T17:07:43+00:00,mic:144,Speaker_4 [Match: Medium - Check for Clone,angry,1.00000000,0.00000000,0.01102867,เป็น ข้อสอง ทีบไน ก็ ไม่ แน่ใจ นะณะ,1.00000000,0.00000000,0.00000000,0.00000000,0.00000000,0.00000000
2025-12-31T17:08:16+00:00,mic:145,Speaker_6 [Match: Medium - Check for Clone,angry,0.98224026,0.08918744,0.01060208,และ ใส่ใจ ใน คอนเท็ค ของ เรา เพราะ ต โน ติด บา,0.98224026,0.00000000,0.00000000,0.00000000,0.01775974,0.00000000
2025-12-31T17:08:17+00:00,mic:146,Speaker_6 [Match: Medium - Check for Clone,angry,1.00000000,0.00000000,0.01268410,จ โหน ติด บ่า น่,1.00000000,0.00000000,0.00000000,0.00000000,0.00000000,0.00000000
2025-12-31T17:08:19+00:00,mic:147,Speaker_6 [Match: Low - Tone Change?,angry,0.69388187,0.69632406,0.01189269,มนมง ทำรัร่าโร่อย ท่ารอย่าง และ ทำ อะไร แปลก แต,0.69388187,0.00000000,0.28362712,0.00000000,0.02249105,0.00000000
2025-12-31T17:08:24+00:00,mic:148,Speaker_6 [Match: Low - Tone Change?,angry,1.00000000,0.00000000,0.01076642,น การ ทดสอบ สังคม ใช่ ท่าใจ,1.00000000,0.00000000,0.00000000,0.00000000,0.00000000,0.00000000
2025-12-31T17:08:25+00:00,mic:149,Speaker_8 [Match: Low - Tone Change?,happy,0.92104399,0.27621211,0.01050363,ช่อย ท้า ใช้ ครั้ง ปฎปป,0.07895599,0.00000000,0.00000000,0.92104399,0.00000000,0.00000000
2025-12-31T17:08:33+00:00,mic:150,Speaker_6 [Match: Low - Tone Change?,angry,1.00000000,0.00000000,0.01052404,ม นั่น ชึก คุนอาจ อ่าน อ่าน อ่างอ่า,1.00000000,0.00000000,0.00000000,0.00000000,0.00000000,0.00000000
2025-12-31T17:08:36+00:00,mic:151,Speaker_7 [Match: Low - Tone Change?,angry,0.66274965,0.66306468,0.01031249,โปร จะ ไม่ ปิด ธ ใฉั ทอก ดีเลย,0.66274965,0.00000000,0.33325669,0.00000000,0.00305006,0.00094361
2025-12-31T17:08:38+00:00,mic:152,Speaker_7 [Match: Low - Tone Change?,angry,1.00000000,0.00000000,0.01074643,ปิด คุธมุ สะ ดอก ดีแล้ว,1.00000000,0.00000000,0.00000000,0.00000000,0.00000000,0.00000000
2025-12-31T17:08:45+00:00,mic:153,Speaker_19,angry,1.00000000,0.00000000,0.01089956,ผมง่วง ว่ายกา เป็น เรง,1.00000000,0.00000000,0.00000000,0.00000000,0.00000000,0.00000000
2025-12-31T17:08:46+00:00,mic:154,Speaker_19 [Match: Low - Tone Change?,happy,1.00000000,0.00000000,0.01243742,อัเปูน อัพน นั มา ม่ ไหว แล้ว วะ,0.00000000,0.00000000,0.00000000,1.00000000,0.00000000,0.00000000
2025-12-31T17:08:47+00:00,mic:155,Speaker_20,happy,0.83542484,0.44717926,0.01148737, น มา หวัง แล้ว ว่า ปา กะ ทะ,0.16457516,0.00000000,0.00000000,0.83542484,0.00000000,0.00000000
2025-12-31T17:08:48+00:00,mic:156,Speaker_20 [Match: Low - Tone Change?,happy,0.93640321,0.26710613,0.01017382,ปาะถะถะ ไม่ พีง ไม จริง อันนี้ บอ บว่ะ,0.05189952,0.00000000,0.00000000,0.93640321,0.01169723,0.00000000
2025-12-31T17:09:24+00:00,mic:157,Speaker_21,angry,0.99285895,0.04240577,0.01131058,หนึ่งก หนอ,0.99285895,0.00000000,0.00000000,0.00000000,0.00714104,0.00000000
2025-12-31T17:09:25+00:00,mic:158,Speaker_21 [Match: Low - Tone Change?,angry,0.97038925,0.13338657,0.01403270,หนู่ ไข่,0.97038925,0.00000000,0.00000000,0.00000000,0.02961078,0.00000000
2025-12-31T17:09:26+00:00,mic:159,Speaker_12 [Match: Low - Tone Change?,angry,1.00000000,0.00000000,0.01300140,แค่ ว,1.00000000,0.00000000,0.00000000,0.00000000,0.00000000,0.00000000
2025-12-31T17:09:27+00:00,mic:160,Speaker_22,angry,1.00000000,0.00000000,0.01283302,วุณไม่ต้า ืนถึง ทา,1.00000000,0.00000000,0.00000000,0.00000000,0.00000000,0.00000000
2025-12-31T17:09:28+00:00,mic:161,Speaker_22 [Match: Low - Tone Change?,angry,1.00000000,0.00000000,0.01184523,หาวนะนับ นั่น ดัง ง มล,1.00000000,0.00000000,0.00000000,0.00000000,0.00000000,0.00000000
2025-12-31T17:09:30+00:00,mic:162,Speaker_8 [Match: Low - Tone Change?,angry,1.00000000,0.00000000,0.01064172,รา มั นัง เนีว มูยมาท สออใกล้,1.00000000,0.00000000,0.00000000,0.00000000,0.00000000,0.00000000
2025-12-31T17:09:31+00:00,mic:163,Speaker_8 [Match: Low - Tone Change?,angry,1.00000000,0.00000000,0.01013441,ม่าน สอวใก้ รุก ขึ้น เพราะเรา,1.00000000,0.00000000,0.00000000,0.00000000,0.00000000,0.00000000
2025-12-31T17:10:17+00:00,mic:164,Speaker_6 [Match: Low - Tone Change?,angry,0.98667443,0.07516713,0.01073004,เธอ ทุก อย่าง ดีว่ะ บด เรา จะ ไป ก็ ไป ได้ เลย แบบ แท็กซี่,0.98667443,0.00000000,0.01196644,0.00000000,0.00135913,0.00000000
2025-12-31T17:10:18+00:00,mic:165,Speaker_6 [Match: Low - Tone Change?,angry,1.00000000,0.00000000,0.01113980,ทเรา จะ ไป ก็ ไป ได้ เลย แบบ แท็กซี่ เล เอะ์ หมด ฉัน เรียก,1.00000000,0.00000000,0.00000000,0.00000000,0.00000000,0.00000000
2025-12-31T17:10:20+00:00,mic:166,Speaker_6 [Match: Low - Tone Change?,angry,1.00000000,0.00000000,0.01061699,ธอแบบ แท็กซี่ เลยว ถหบท นัน เรียก ะ เรียกล่าย ละยะ,1.00000000,0.00000000,0.00000000,0.00000000,0.00000000,0.00000000
2025-12-31T17:10:35+00:00,mic:167,Speaker_0 [Match: Low - Tone Change?,angry,0.82187396,0.46911523,0.01155305,แฮ่ ดี ไม่ ได้ เป็น วัน เอา นะ โอ,0.82187396,0.00000000,0.17806160,0.00000000,0.00000000,0.00006446
2025-12-31T17:10:36+00:00,mic:168,Speaker_0 [Match: Low - Tone Change?,fear,0.93996447,0.22706533,0.01189467,ไม่ ได้ เป็น วัน เอา นะ โอ ร้า ไง อัน น่ะ,0.00000000,0.00000000,0.93996447,0.00000000,0.06003556,0.00000000
2025-12-31T17:10:38+00:00,mic:169,Speaker_0 [Match: Low - Tone Change?,angry,0.53342211,0.83083924,0.01081641,โอ้ บาง ง อัน น่ะ เลือบ แบค อัน โรกะ ว่า ร,0.53342211,0.00000000,0.42511576,0.00000000,0.04146212,0.00000000
2025-12-31T17:10:53+00:00,mic:170,Speaker_6 [Match: Low - Tone Change?,angry,0.72776246,0.58547167,0.01000879,ใกล วันนี้ แล้ว มัน ปิด เปิด พรุ่งนี้ลย,0.72776246,0.00000000,0.27223754,0.00000000,0.00000000,0.00000000
2025-12-31T17:11:06+00:00,mic:171,Speaker_18 [Match: Low - Tone Change?,angry,1.00000000,0.00000000,0.01026018,แพล จาง เลย ทำม้ำ หมา เอา แว ดาย ละ ใน ข้งแวสา,1.00000000,0.00000000,0.00000000,0.00000000,0.00000000,0.00000000
2025-12-31T17:11:17+00:00,mic:172,Speaker_0 [Match: Medium - Check for Clone,fear,0.79862440,0.62777644,0.01006482,บลู ย่าน ที่จะ ไป ไป ยัง ง,0.00000000,0.00000000,0.79862440,0.00000000,0.13793267,0.06344282
2025-12-31T17:11:19+00:00,mic:173,Speaker_0 [Match: Medium - Check for Clone,angry,0.46824777,1.17162518,0.01115003,ย่าน ที่จะ ไป ไป ยังไง ไป ทำ อะไร,0.46824777,0.02742354,0.25705501,0.00000000,0.24264269,0.00463096
2025-12-31T17:11:35+00:00,mic:174,Speaker_6 [Match: Low - Tone Change?,angry,0.75190383,0.58358405,0.01121925,มัน เป็น ไอนี่ ด้วย เว้ย ของ ผม ก็ เหมือนเดิม เลย นะ,0.75190383,0.00000000,0.24338262,0.00000000,0.00471357,0.00000000
2025-12-31T17:11:36+00:00,mic:175,Speaker_6 [Match: Medium - Check for Clone,angry,1.00000000,0.00000000,0.01092290,อ้ย ของ ผม ก็ เหมือนเดิม เลย นะ คะ เฟียว มี ซิ่ง เอาต์,1.00000000,0.00000000,0.00000000,0.00000000,0.00000000,0.00000000
2025-12-31T17:11:37+00:00,mic:176,Speaker_6 [Match: Medium - Check for Clone,angry,1.00000000,0.00000000,0.01051397,หมือนเดิม เลย นะ คระ เฟียว มี ซึง เอา ถ้าหาก ว่า เรา ไม่ มี,1.00000000,0.00000000,0.00000000,0.00000000,0.00000000,0.00000000
2025-12-31T17:11:38+00:00,mic:177,Speaker_6 [Match: Medium - Check for Clone,angry,1.00000000,0.00000000,0.01064536,มี ซิง เอา ถ้าหาก ว่า เรา มี มี ไม่ รี เสิรช มาก ด้น,1.00000000,0.00000000,0.00000000,0.00000000,0.00000000,0.00000000
2025-12-31T17:11:40+00:00,mic:178,Speaker_6 [Match: Medium - Check for Clone,angry,1.00000000,0.00000000,0.01031321,มี มี ไม่ รี สิช ห่วงหน้า เรา จะ รู้ ได้ ยังไง ว่า อะไร,1.00000000,0.00000000,0.00000000,0.00000000,0.00000000,0.00000000
2025-12-31T17:11:42+00:00,mic:179,Speaker_6 [Match: Low - Tone Change?,angry,0.92688143,0.26267599,0.01025010,ด้ ยังไง ว่า อะไร เด็ด อะไร ดัง ไร คน ตาม มา จิ,0.92688143,0.00000000,0.00000000,0.00000000,0.07297409,0.00014448
2025-12-31T17:11:43+00:00,mic:180,Speaker_6 [Match: Medium - Check for Clone,sad,0.57431489,0.68206074,0.01027086,ดัง ไร คน ตาม มา ส แหยง ถ้า สะบุด ไว้ บาบ,0.00000000,0.00000000,0.42568511,0.00000000,0.57431489,0.00000000
2025-12-31T17:11:45+00:00,mic:181,Speaker_6 [Match: Low - Tone Change?,happy,0.97815126,0.10514939,0.01023466,ถ้า สบุด วะ บบ เรา แบบ มา ลู้ ที หลัง ว่า อ้ ยี เนี่ย,0.00000000,0.00000000,0.00000000,0.97815126,0.00000000,0.02184874
2025-12-31T17:12:13+00:00,mic:182,Speaker_0 [Match: Medium - Check for Clone,happy,1.00000000,0.00000000,0.01122246,ฟัง ก่อน บางที ต้อง จอง บางที ต้อง,0.00000000,0.00000000,0.00000000,1.00000000,0.00000000,0.00000000
2025-12-31T17:12:15+00:00,mic:183,Speaker_0 [Match: Medium - Check for Clone,fear,0.54534358,0.84352426,0.01162541,อน บางที่ ต้อง จอง บางที ต้อง ร็อต โต้,0.40609193,0.00000000,0.54534358,0.00000000,0.04856446,0.00000000
2025-12-31T17:12:16+00:00,mic:184,Speaker_0 [Match: Medium - Check for Clone,angry,0.85383767,0.48622487,0.01099381,มอง บางที ต้อง รอบ โต้ นายคะ,0.85383767,0.00000000,0.11896351,0.00000000,0.02719884,0.00000000
2025-12-31T17:12:23+00:00,mic:185,Speaker_23,angry,0.91113627,0.29990106,0.01198973,ดหมาย แย่ เลย,0.91113627,0.00000000,0.08886378,0.00000000,0.00000000,0.00000000
2025-12-31T17:12:24+00:00,mic:186,Speaker_23 [Match: Low - Tone Change?,angry,1.00000000,0.00000000,0.01307291,แยก ในนองอ,1.00000000,0.00000000,0.00000000,0.00000000,0.00000000,0.00000000
2025-12-31T17:12:36+00:00,mic:187,Speaker_6 [Match: Low - Tone Change?,angry,1.00000000,0.00000000,0.01175597,แวา เข้าที่ สะาม ค้อ ที่ สะหรน,1.00000000,0.00000000,0.00000000,0.00000000,0.00000000,0.00000000
2025-12-31T17:12:37+00:00,mic:188,Speaker_6 [Match: Low - Tone Change?,angry,1.00000000,0.00000000,0.01040553,าม คน ที่ สะงัม ดเต็มไป ไป้ ประกัด หุนฝนทึก,1.00000000,0.00000000,0.00000000,0.00000000,0.00000000,0.00000000
2025-12-31T17:13:08+00:00,mic:189,Speaker_6 [Match: Low - Tone Change?,fear,0.52714509,0.87960029,0.01008785,แชด ทาย สิ นะ ฮะ เหลอย ช่อง แชดทาย นิ้ง,0.00000000,0.00000000,0.52714509,0.41657025,0.05192451,0.00436018
2025-12-31T17:13:09+00:00,mic:190,Speaker_6 [Match: Medium - Check for Clone,fear,0.55870342,1.06194989,0.01117263,เรอ ช่อง แชดทา์ ส นิ้ ใน่ยงาน,0.29123518,0.00000000,0.55870342,0.00000000,0.10365808,0.04640337
2025-12-31T17:13:10+00:00,mic:191,Speaker_18 [Match: Low - Tone Change?,angry,1.00000000,0.00000000,0.01110580, ใน หงาน อะให้ ส่ง ชัดถ้า,1.00000000,0.00000000,0.00000000,0.00000000,0.00000000,0.00000000
2025-12-31T17:13:27+00:00,mic:192,Speaker_24,angry,1.00000000,0.00000000,0.01163793,ชใด้ ร้องอากาศ ที่ แฟ้ พด พั ตั ตุด นัคา,1.00000000,0.00000000,0.00000000,0.00000000,0.00000000,0.00000000
2025-12-31T17:13:28+00:00,mic:193,Speaker_24 [Match: Low - Tone Change?,angry,1.00000000,0.00000000,0.01013543,พุด มือ คา เห่า หัวหร้อม เอ็น อิฐ,1.00000000,0.00000000,0.00000000,0.00000000,0.00000000,0.00000000
2025-12-31T17:13:29+00:00,mic:194,Speaker_0 [Match: Low - Tone Change?,angry,1.00000000,0.00000000,0.01306084,า เพ็ดนิก มี่ โร่ บเรีย บุบยัง ไม่ ได้,1.00000000,0.00000000,0.00000000,0.00000000,0.00000000,0.00000000
2025-12-31T17:13:30+00:00,mic:195,Speaker_0 [Match: Low - Tone Change?,angry,1.00000000,0.00000000,0.01410507,มี ประ หม ริ อะ บม ยังค ไม่ ได้เย,1.00000000,0.00000000,0.00000000,0.00000000,0.00000000,0.00000000
2025-12-31T17:13:32+00:00,mic:196,Speaker_0 [Match: Low - Tone Change?,angry,1.00000000,0.00000000,0.01336413,บุม ยัง ไม่ ได้ เลยมัน เต่ เต็ ห้าหาว และ อ่าวแล่อ่า,1.00000000,0.00000000,0.00000000,0.00000000,0.00000000,0.00000000
2025-12-31T17:13:33+00:00,mic:197,Speaker_6 [Match: Low - Tone Change?,angry,1.00000000,0.00000000,0.01084534,าว แล้ว เอา เหร่าล้าว ละ,1.00000000,0.00000000,0.00000000,0.00000000,0.00000000,0.00000000
2025-12-31T17:13:38+00:00,mic:198,Speaker_18 [Match: Low - Tone Change?,angry,1.00000000,0.00000000,0.01072330,บาก พรม ั ระ บอก ใสผม ได้ ไม่ ไดั้ เลย,1.00000000,0.00000000,0.00000000,0.00000000,0.00000000,0.00000000
2025-12-31T17:13:39+00:00,mic:199,Speaker_18 [Match: Medium - Check for Clone,angry,1.00000000,0.00000000,0.01064327,ผม ได้ ไม่ ได้ เลย,1.00000000,0.00000000,0.00000000,0.00000000,0.00000000,0.00000000
2025-12-31T17:13:53+00:00,mic:200,Speaker_6 [Match: Low - Tone Change?,angry,0.96376938,0.15577397,0.01019408,าม สอง หนึ่ง,0.96376938,0.00000000,0.03623061,0.00000000,0.00000000,0.00000000
2025-12-31T17:13:54+00:00,mic:201,Speaker_8 [Match: Low - Tone Change?,angry,1.00000000,0.00000000,0.01040491,ง หนึ่ง,1.00000000,0.00000000,0.00000000,0.00000000,0.00000000,0.00000000
2025-12-31T17:13:55+00:00,mic:202,Speaker_8 [Match: Low - Tone Change?,angry,1.00000000,0.00000000,0.01189625,นั่ง มือน แล้วแต่,1.00000000,0.00000000,0.00000000,0.00000000,0.00000000,0.00000000
2025-12-31T17:13:56+00:00,mic:203,Speaker_8 [Match: Low - Tone Change?,angry,1.00000000,0.00000000,0.01327566,แล้ว แต่,1.00000000,0.00000000,0.00000000,0.00000000,0.00000000,0.00000000
2025-12-31T17:13:57+00:00,mic:204,Speaker_8 [Match: Low - Tone Change?,angry,1.00000000,0.00000000,0.01296828,ผแล เพื่อลัคคน คกคะคัก,1.00000000,0.00000000,0.00000000,0.00000000,0.00000000,0.00000000
2025-12-31T17:13:59+00:00,mic:205,Speaker_15 [Match: Low - Tone Change?,happy,0.57511353,0.76532539,0.01147736,ธ ากกกคัก อาอาว ถัง อะไร ไละ ท้มำหน,0.40392712,0.00000000,0.00000000,0.57511353,0.02095928,0.00000000
2025-12-31T17:14:00+00:00,mic:206,Speaker_15 [Match: Low - Tone Change?,angry,1.00000000,0.00000000,0.01156314,อาผาักะ ท่บมจับ อง ยังไง เรา ยังเล,1.00000000,0.00000000,0.00000000,0.00000000,0.00000000,0.00000000
2025-12-31T17:14:01+00:00,mic:207,Speaker_8 [Match: Low - Tone Change?,angry,1.00000000,0.00000000,0.01145098,ทำนาย เขา จะ เล เขา ดูนแล้หา,1.00000000,0.00000000,0.00000000,0.00000000,0.00000000,0.00000000
2025-12-31T17:14:02+00:00,mic:208,Speaker_8 [Match: Low - Tone Change?,angry,1.00000000,0.00000000,0.01056795,รบ ดูล ง มา ย้อย ยาว บาน ฮอบ อย่าง ปังละ,1.00000000,0.00000000,0.00000000,0.00000000,0.00000000,0.00000000
2025-12-31T17:14:06+00:00,mic:209,Speaker_0 [Match: Low - Tone Change?,angry,1.00000000,0.00000000,0.01027605,เรว ไป้ ปล่อม สถานการ์ หนึ่งยะ,1.00000000,0.00000000,0.00000000,0.00000000,0.00000000,0.00000000
2025-12-31T17:14:30+00:00,mic:210,Speaker_25,fear,0.58506638,0.67860396,0.01078703,ล่ะ หนู,0.41493362,0.00000000,0.58506638,0.00000000,0.00000000,0.00000000
2025-12-31T17:14:31+00:00,mic:211,Speaker_25 [Match: Medium - Check for Clone,fear,0.91128504,0.29955464,0.01038230,หนู น มัน ประเกิด อะไร ขึ้น,0.08871500,0.00000000,0.91128504,0.00000000,0.00000000,0.00000000
2025-12-31T17:14:37+00:00,mic:212,Speaker_0 [Match: Low - Tone Change?,angry,0.73335660,0.67446915,0.01012349,ไม่ รู แมม เป็น ห่วง ผม หรือ เป็นหวัง คน รอบข้าง,0.73335660,0.00000000,0.23625910,0.00000000,0.03038425,0.00000000
2025-12-31T17:14:38+00:00,mic:213,Speaker_0 [Match: Medium - Check for Clone,angry,0.98170704,0.09131916,0.01115379,แหวง ผม หรือ เป็นห่วง คน รอบข้าง ผม,0.98170704,0.00000000,0.00000000,0.00000000,0.01829297,0.00000000
2025-12-31T17:14:39+00:00,mic:214,Speaker_0 [Match: Medium - Check for Clone,angry,0.74823523,0.62737242,0.01229756,วัง คน รอบข้าง ผม ผล หัน ไป ใน กอน อย่ สิบ หา,0.74823523,0.00000000,0.00000000,0.23443043,0.01733435,0.00000000
2025-12-31T17:14:41+00:00,mic:215,Speaker_20 [Match: Low - Tone Change?,angry,0.52070296,0.73458258,0.01162125,แม ใด ควัาม สิบหราคาั,0.52070296,0.00000000,0.00000000,0.47089788,0.00839915,0.00000000
2025-12-31T17:15:09+00:00,mic:216,Speaker_6 [Match: Low - Tone Change?,fear,0.57525188,0.68177835,0.01062683,เอ้ มีต้อนรับ ครับ ผม,0.42474809,0.00000000,0.57525188,0.00000000,0.00000000,0.00000000
2025-12-31T17:15:10+00:00,mic:217,Speaker_6 [Match: Low - Tone Change?,angry,1.00000000,0.00000000,0.01076450,มีต้อนรับ ครับ ผม,1.00000000,0.00000000,0.00000000,0.00000000,0.00000000,0.00000000
2025-12-31T17:15:26+00:00,mic:218,Speaker_0 [Match: Low - Tone Change?,happy,0.58123368,0.67989068,0.01152262,คน ไหนกว่ เป็นไปเพื่อ ปา สบายใจ ของ คทึมิใจ,0.41876632,0.00000000,0.00000000,0.58123368,0.00000000,0.00000000
2025-12-31T17:15:41+00:00,mic:219,Speaker_26,angry,1.00000000,0.00000000,0.01071878,ใน ทองครา รับมะ รืบ ตู้ ยัง ภาวั,1.00000000,0.00000000,0.00000000,0.00000000,0.00000000,0.00000000
2025-12-31T17:15:42+00:00,mic:220,Speaker_26 [Match: Low - Tone Change?,happy,0.53911132,0.69008467,0.01040185,รุบ ดู้ ทจกอย่าง หลาวา น่าจะ ต้อง เป็น ลุย,0.46088865,0.00000000,0.00000000,0.53911132,0.00000000,0.00000000
2025-12-31T17:15:43+00:00,mic:221,Speaker_4 [Match: Low - Tone Change?,angry,1.00000000,0.00000000,0.01040181,จะ ต้อง เป็น รูยี อยู่ หรอะ ล่ะใปนี้,1.00000000,0.00000000,0.00000000,0.00000000,0.00000000,0.00000000
2025-12-31T17:15:44+00:00,mic:222,Speaker_4 [Match: Low - Tone Change?,angry,1.00000000,0.00000000,0.01048351,ละล่า โอ๊ว ไม่โดูไป นี้ นะ คัม,1.00000000,0.00000000,0.00000000,0.00000000,0.00000000,0.00000000
2025-12-31T17:15:50+00:00,mic:223,Speaker_4 [Match: Low - Tone Change?,angry,0.72972190,0.61694695,0.01253813,แฮ ด้อ ไม่ เห็ตผล ใน กำเฟ่นนู,0.72972190,0.00000000,0.26326925,0.00000000,0.00019667,0.00681208
2025-12-31T17:15:52+00:00,mic:224,Speaker_4 [Match: Low - Tone Change?,angry,0.75649351,0.57883434,0.01231465,เป็นเป็น คน ที่,0.75649351,0.00000000,0.23866901,0.00000000,0.00000000,0.00483752
2025-12-31T17:15:53+00:00,mic:225,Speaker_6 [Match: Low - Tone Change?,angry,0.43879762,1.14347829,0.01112096,เป็น คน ที่,0.43879762,0.23919953,0.30241841,0.00000000,0.01937325,0.00021125
2025-12-31T17:16:07+00:00,mic:226,Speaker_27,happy,1.00000000,0.00000000,0.01044236,อ ลูก ว้าย รู้สึก สึก,0.00000000,0.00000000,0.00000000,1.00000000,0.00000000,0.00000000
2025-12-31T17:16:08+00:00,mic:227,Speaker_27 [Match: Low - Tone Change?,angry,1.00000000,0.00000000,0.01052628,ว้าย รงศึก ซึก ช่อำ น,1.00000000,0.00000000,0.00000000,0.00000000,0.00000000,0.00000000
2025-12-31T17:16:09+00:00,mic:228,Speaker_8 [Match: Low - Tone Change?,angry,1.00000000,0.00000000,0.01025841,ฉัน กรรักรักเบียรติ,1.00000000,0.00000000,0.00000000,0.00000000,0.00000000,0.00000000
2025-12-31T17:16:11+00:00,mic:229,Speaker_8 [Match: Low - Tone Change?,angry,1.00000000,0.00000000,0.01130302,รักรัก รษ เป ปะ กาตย์ แกฐ,1.00000000,0.00000000,0.00000000,0.00000000,0.00000000,0.00000000
2025-12-31T17:16:12+00:00,mic:230,Speaker_8 [Match: Low - Tone Change?,fear,0.44685689,1.06615038,0.01118556,ชา เก๋ มี่ ส เป็ก ป็ จักนก,0.31275460,0.00000000,0.44685689,0.00000000,0.24038850,0.00000000
2025-12-31T17:16:18+00:00,mic:231,Speaker_28,angry,1.00000000,0.00000000,0.01093044,เดีย ว ไป ตั้งแต่ ต้น ไหน,1.00000000,0.00000000,0.00000000,0.00000000,0.00000000,0.00000000
2025-12-31T17:16:19+00:00,mic:232,Speaker_28 [Match: Low - Tone Change?,angry,1.00000000,0.00000000,0.01084256,นว่า รัก จะ กะ ครับ ครั,1.00000000,0.00000000,0.00000000,0.00000000,0.00000000,0.00000000
2025-12-31T17:16:23+00:00,mic:233,Speaker_0 [Match: Medium - Check for Clone,angry,1.00000000,0.00000000,0.01026634,เกียน ว่า มี ว่า น่าไป ได้ หยอ รูก อีก ใบ เป็น กำลัง กัด พ่,1.00000000,0.00000000,0.00000000,0.00000000,0.00000000,0.00000000
2025-12-31T17:16:24+00:00,mic:234,Speaker_0 [Match: Medium - Check for Clone,angry,1.00000000,0.00000000,0.01129893,ไวได้ อีรูก อีก ใบ เป็น กำลัง กัด ขา,1.00000000,0.00000000,0.00000000,0.00000000,0.00000000,0.00000000
2025-12-31T17:16:26+00:00,mic:235,Speaker_0 [Match: Low - Tone Change?,angry,1.00000000,0.00000000,0.01218941,กำลัง กลับ ขา หอ อัน ง่ รี่ง หนอง ว่า ค,1.00000000,0.00000000,0.00000000,0.00000000,0.00000000,0.00000000
2025-12-31T17:16:27+00:00,mic:236,Speaker_28 [Match: Low - Tone Change?,angry,1.00000000,0.00000000,0.01180015,มัน ดูเขือนว่า คุนทน มา เขาใขาหักกา หัง,1.00000000,0.00000000,0.00000000,0.00000000,0.00000000,0.00000000
2025-12-31T17:16:28+00:00,mic:237,Speaker_8 [Match: Low - Tone Change?,happy,0.52373534,0.69202002,0.01040801,เธอ หัก พะอาน ลาก แม นุ่ม เขา ดด,0.47626466,0.00000000,0.00000000,0.52373534,0.00000000,0.00000000
2025-12-31T17:16:33+00:00,mic:238,Speaker_6 [Match: Low - Tone Change?,angry,1.00000000,0.00000000,0.01027669,สูง รู ไป ให้ ออนลน์ และ ด้วย บับ,1.00000000,0.00000000,0.00000000,0.00000000,0.00000000,0.00000000
2025-12-31T17:16:34+00:00,mic:239,Speaker_6 [Match: Low - Tone Change?,angry,1.00000000,0.00000000,0.01019339,ร ล้อนไลาน์ และ ได บ เจ้าไป ที่จะ ตอนไหน,1.00000000,0.00000000,0.00000000,0.00000000,0.00000000,0.00000000
2025-12-31T17:16:36+00:00,mic:240,Speaker_29,angry,1.00000000,0.00000000,0.01024338,เจ้าไป ที่ แต่ ตอน ได าลา,1.00000000,0.00000000,0.00000000,0.00000000,0.00000000,0.00000000
2025-12-31T17:16:41+00:00,mic:241,Speaker_0 [Match: Low - Tone Change?,calm,0.43550473,1.23380750,0.01020148,เพื่อน เรา เมื่อ ระวาบ ใด จิง กระผื้,0.28251797,0.43550473,0.22037187,0.00000000,0.05934352,0.00226188
2025-12-31T17:16:42+00:00,mic:242,Speaker_0 [Match: Low - Tone Change?,angry,0.44331062,1.13387590,0.01080710,ำ ได้ จึงกระเพื่น ลถทุดร้าย เสมอ,0.44331062,0.19452877,0.34122524,0.00000000,0.01878049,0.00215487
2025-12-31T17:16:43+00:00,mic:243,Speaker_30,calm,0.67712063,0.95147595,0.01122229,เพื่อ ลนทดร้าย เสมอ เอวา,0.16207980,0.67712063,0.11379001,0.00000000,0.04677207,0.00023752
2025-12-31T17:18:27+00:00,mic:244,Speaker_6 [Match: Low - Tone Change?,fear,0.63115960,0.91376911,0.01010431,อือ อย่าง สิงคโปรย ลัก,0.17794824,0.00000000,0.63115960,0.00000000,0.19089210,0.00000000
2025-12-31T17:18:29+00:00,mic:245,Speaker_6 [Match: Medium - Check for Clone,angry,0.75312603,0.61957743,0.01090633,สิงกโปรลาเกอร์ แบก แพ็ก เที่ยว คนเดียว,0.75312603,0.00000000,0.23032621,0.00000000,0.01654774,0.00000000
2025-12-31T17:18:52+00:00,mic:246,Speaker_6 [Match: Low - Tone Change?,angry,0.45944542,1.06188327,0.01225014,ยังมี เพื่อน ให้ กราะ แกะ น ล่ะ บอก เอะ ขอน นอน,0.45944542,0.00000000,0.29704228,0.00000000,0.24351229,0.00000000
2025-12-31T17:18:53+00:00,mic:247,Speaker_6 [Match: Medium - Check for Clone,angry,0.56551564,0.94996817,0.01183856,ล่ะ ตอก เอะ ขอนนอน นั่นงือ หน่อย นะ เออะเดอะ เรา ไป,0.56551564,0.00000000,0.30411625,0.00000000,0.13036813,0.00000000
2025-12-31T17:18:54+00:00,mic:248,Speaker_6 [Match: Medium - Check for Clone,angry,1.00000000,0.00000000,0.01081693,หน่อย นะ เออเหลอ เรา ไป กินข้าว ด้วย กัน สัก,1.00000000,0.00000000,0.00000000,0.00000000,0.00000000,0.00000000
2025-12-31T17:19:10+00:00,mic:249,Speaker_6 [Match: Low - Tone Change?,angry,0.67574680,0.68252301,0.01006182,พี่สาว ที่ ดู เทด ดี ดู เบ็น บับ พี่สาว อินตากา,0.67574680,0.00000000,0.00000000,0.00000000,0.31189728,0.01235593
2025-12-31T17:19:11+00:00,mic:250,Speaker_6 [Match: Low - Tone Change?,angry,0.69304430,0.61664315,0.01194756,ำ บับ พี่สาว อิฐ มากา และ,0.69304430,0.00000000,0.00000000,0.00000000,0.30695570,0.00000000
2025-12-31T17:19:13+00:00,mic:251,Speaker_31,angry,0.74666554,0.56596886,0.01075277,ยิด อาหารเคอ เข้าใจ เข้าใจ,0.74666554,0.00000000,0.00000000,0.25333446,0.00000000,0.00000000
2025-12-31T17:19:24+00:00,mic:252,Speaker_6 [Match: Low - Tone Change?,angry,0.92415494,0.31108969,0.01078370,เธอ หา รูก ให้ ฉัน ลักปักาอ,0.92415494,0.00000000,0.05694104,0.00000000,0.01890401,0.00000000
2025-12-31T17:19:25+00:00,mic:253,Speaker_18 [Match: Low - Tone Change?,angry,1.00000000,0.00000000,0.01237614,มา ห แกรม จริด,1.00000000,0.00000000,0.00000000,0.00000000,0.00000000,0.00000000
2025-12-31T17:19:27+00:00,mic:254,Speaker_18 [Match: Medium - Check for Clone,angry,1.00000000,0.00000000,0.01099053,ร เทรส ให กัร เพลดดิ้ง,1.00000000,0.00000000,0.00000000,0.00000000,0.00000000,0.00000000
2025-12-31T17:19:28+00:00,mic:255,Speaker_18 [Match: Low - Tone Change?,angry,1.00000000,0.00000000,0.01083012,ฮ้หัน ร ถ เพียก เขา จาก,1.00000000,0.00000000,0.00000000,0.00000000,0.00000000,0.00000000
2025-12-31T17:19:30+00:00,mic:256,Speaker_6 [Match: Low - Tone Change?,angry,0.99333113,0.04005993,0.01211486,หัน เรื่ม ที่ เขาย อย่าง สวย อะคระบ,0.99333113,0.00000000,0.00000000,0.00000000,0.00666894,0.00000000
2025-12-31T17:19:31+00:00,mic:257,Speaker_6 [Match: Medium - Check for Clone,angry,0.90451401,0.31504998,0.01045075,หันรัถ ไมี่ เขา ย อย่าง สวยะครับ,0.90451401,0.00000000,0.09548603,0.00000000,0.00000000,0.00000000
2025-12-31T17:19:32+00:00,mic:258,Speaker_18 [Match: Low - Tone Change?,angry,0.98060930,0.09565815,0.01028324,ครับ เอ๋ย ฉัน ไน่ คอบ ภญหาเนื้อง,0.98060930,0.00000000,0.00000000,0.00000000,0.01939066,0.00000000
2025-12-31T17:19:33+00:00,mic:259,Speaker_18 [Match: Low - Tone Change?,angry,1.00000000,0.00000000,0.01020063,หาเนื้อเลื้อมสมัย เหมือนกัน,1.00000000,0.00000000,0.00000000,0.00000000,0.00000000,0.00000000
2025-12-31T17:19:34+00:00,mic:260,Speaker_18 [Match: Low - Tone Change?,angry,1.00000000,0.00000000,0.01077524,สมัย กานจะ ไม่ ตา เธอ ไม่ค่อย,1.00000000,0.00000000,0.00000000,0.00000000,0.00000000,0.00000000
2025-12-31T17:19:35+00:00,mic:261,Speaker_18 [Match: Low - Tone Change?,angry,1.00000000,0.00000000,0.01092142,าพืม ไม่ค่อย ยะ หล่ จาก โท็อต,1.00000000,0.00000000,0.00000000,0.00000000,0.00000000,0.00000000
2025-12-31T17:19:37+00:00,mic:262,Speaker_18 [Match: Low - Tone Change?,angry,1.00000000,0.00000000,0.01133486,คอย โยน ไหล่ จาก ทอส อยาก จะ เล่ รุ่นเรือบ หน้าบาง,1.00000000,0.00000000,0.00000000,0.00000000,0.00000000,0.00000000
2025-12-31T17:19:38+00:00,mic:263,Speaker_18 [Match: Medium - Check for Clone,angry,1.00000000,0.00000000,0.01092625,อยาก เลียน รุ่นแรบ หน้ำ พา เกินเอง,1.00000000,0.00000000,0.00000000,0.00000000,0.00000000,0.00000000
2025-12-31T17:19:40+00:00,mic:264,Speaker_18 [Match: Low - Tone Change?,angry,1.00000000,0.00000000,0.01045304,เหยัก เยัก เดน ห้ สอก ไวา บ้าย,1.00000000,0.00000000,0.00000000,0.00000000,0.00000000,0.00000000
2025-12-31T17:20:09+00:00,mic:265,Speaker_4 [Match: Low - Tone Change?,angry,1.00000000,0.00000000,0.01030208,าร สเหมียน นวด อะไร ต่า ป่าก ล่าสุด,1.00000000,0.00000000,0.00000000,0.00000000,0.00000000,0.00000000
2025-12-31T17:20:11+00:00,mic:266,Speaker_4 [Match: Low - Tone Change?,angry,1.00000000,0.00000000,0.01050069,อน ปาก ล่าสุด ล่าสุด,1.00000000,0.00000000,0.00000000,0.00000000,0.00000000,0.00000000
2025-12-31T17:20:15+00:00,mic:267,Speaker_8 [Match: Low - Tone Change?,fear,0.96923894,0.13737790,0.01326070,ม คนเดี อะ กดู ต้องจาด เอา หู่,0.00000000,0.00000000,0.96923894,0.00000000,0.03076109,0.00000000
2025-12-31T17:20:16+00:00,mic:268,Speaker_8 [Match: Low - Tone Change?,happy,0.67998570,0.71587266,0.01352488,เอา หู,0.02551205,0.00000000,0.29450223,0.67998570,0.00000000,0.00000000
2025-12-31T17:20:17+00:00,mic:269,Speaker_8 [Match: Low - Tone Change?,happy,1.00000000,0.00000000,0.01217080,เม่ ไป ไป ไอเดีย ไหม ปอ กวะ หมึง ล้ว,0.00000000,0.00000000,0.00000000,1.00000000,0.00000000,0.00000000
2025-12-31T17:20:54+00:00,mic:270,Speaker_4 [Match: Low - Tone Change?,angry,1.00000000,0.00000000,0.01066299,กลับ คน ที่ บ้าน นิดหนึ่ง,1.00000000,0.00000000,0.00000000,0.00000000,0.00000000,0.00000000
2025-12-31T17:20:55+00:00,mic:271,Speaker_18 [Match: Low - Tone Change?,angry,0.53230953,0.89009813,0.01155822,เด็ด หนึ่ง มักจึก ป,0.53230953,0.00000000,0.39675960,0.00000000,0.07093084,0.00000000
2025-12-31T17:20:56+00:00,mic:272,Speaker_18 [Match: Low - Tone Change?,angry,0.99362451,0.03858535,0.01085531,รอ ร กระนะไหว่,0.99362451,0.00000000,0.00000000,0.00000000,0.00637555,0.00000000
2025-12-31T17:21:19+00:00,mic:273,Speaker_31 [Match: Low - Tone Change?,angry,0.53307617,0.76134435,0.01020596,แม่ ฉัน ต้อง ต็อง หรับ หูปอน,0.53307617,0.00000000,0.45071766,0.00000000,0.01620615,0.00000000
2025-12-31T17:21:20+00:00,mic:274,Speaker_6 [Match: Medium - Check for Clone,angry,1.00000000,0.00000000,0.01324910,ห ตอนที่ แย่ วาย อยาก จะ ไป ดำ,1.00000000,0.00000000,0.00000000,0.00000000,0.00000000,0.00000000
2025-12-31T17:21:21+00:00,mic:275,Speaker_6 [Match: Medium - Check for Clone,angry,1.00000000,0.00000000,0.01269120,ตอนที่ แอ วาย อยาก จะ ไป ดำ น้ำา คื,1.00000000,0.00000000,0.00000000,0.00000000,0.00000000,0.00000000
2025-12-31T17:21:23+00:00,mic:276,Speaker_6 [Match: Medium - Check for Clone,angry,1.00000000,0.00000000,0.01205420,ยะ จะ ไป ดำ น้ำ มา คือ แบัป ทุก คนทัก มา,1.00000000,0.00000000,0.00000000,0.00000000,0.00000000,0.00000000
2025-12-31T17:21:24+00:00,mic:277,Speaker_6 [Match: Medium - Check for Clone,angry,0.67645168,0.73664047,0.01203672,คือ บัป ทุกคนทัก มา เป็นห่วง อะร่อ อุ้ย,0.67645168,0.00000000,0.29030210,0.00000000,0.03324629,0.00000000
2025-12-31T17:21:25+00:00,mic:278,Speaker_6 [Match: Medium - Check for Clone,angry,1.00000000,0.00000000,0.01342120,คนพัก มา เป็นห่วง ระร่อ มู้ยี้เวีย,1.00000000,0.00000000,0.00000000,0.00000000,0.00000000,0.00000000
2025-12-31T17:21:26+00:00,mic:279,Speaker_6 [Match: Low - Tone Change?,angry,1.00000000,0.00000000,0.01241043,อง อะล่อม อุเย้ เวี้ย นั่ง รถไฟ คนเดียว เลย นะ,1.00000000,0.00000000,0.00000000,0.00000000,0.00000000,0.00000000
2025-12-31T17:21:28+00:00,mic:280,Speaker_6 [Match: Low - Tone Change?,angry,0.87135684,0.46321753,0.01089989,เดียว เลย น้ายว่ไม่ รู้ เรื่อง น,0.87135684,0.00000000,0.08904288,0.00000000,0.03960026,0.00000000
2025-12-31T17:21:30+00:00,mic:281,Speaker_18 [Match: Low - Tone Change?,angry,0.95469660,0.18444704,0.01017210,เรื่อง ทุกนักรฐ ใน ครานพการ อจะ ชัวตา หา รา ่ง ว่ นาน นาน,0.95469660,0.00000000,0.04530343,0.00000000,0.00000000,0.00000000
2025-12-31T17:21:44+00:00,mic:282,Speaker_6 [Match: Low - Tone Change?,angry,0.48023924,0.97504819,0.01030528,ฮื ทั้งสอง คน กำ หลับ มี ครอบครัว,0.48023924,0.00000000,0.39822206,0.00000000,0.12153868,0.00000000
2025-12-31T17:21:52+00:00,mic:283,Speaker_6 [Match: Low - Tone Change?,fear,0.70240873,0.62901303,0.01072593,มัน ก็ ไม่ ใช่ ไซด์ เรา คนเดียว ะ มัน ก็ หลับ,0.29382411,0.00000000,0.70240873,0.00000000,0.00000000,0.00376717
2025-12-31T17:22:12+00:00,mic:284,Speaker_0 [Match: Low - Tone Change?,angry,0.95959342,0.16923432,0.01003041,กิน ไป แล้ว ระหว่าง ที่ คุย,0.95959342,0.00000000,0.04040666,0.00000000,0.00000000,0.00000000
2025-12-31T17:22:14+00:00,mic:285,Speaker_0 [Match: Low - Tone Change?,angry,1.00000000,0.00000000,0.01265410,กิน ไป แล้ว ระหว่าง ที่ คุย,1.00000000,0.00000000,0.00000000,0.00000000,0.00000000,0.00000000
2025-12-31T17:22:15+00:00,mic:286,Speaker_0 [Match: Low - Tone Change?,angry,1.00000000,0.00000000,0.01229690,ว่าง ที่ คุย น่า เป็นการ ที่ ม้ งัน ไป ดังเลย อ่ะ,1.00000000,0.00000000,0.00000000,0.00000000,0.00000000,0.00000000
2025-12-31T17:22:16+00:00,mic:287,Speaker_31 [Match: Low - Tone Change?,angry,1.00000000,0.00000000,0.01111929,กั ดูย ไป ด้ย อะ อะ อะอะ,1.00000000,0.00000000,0.00000000,0.00000000,0.00000000,0.00000000
2025-12-31T17:22:30+00:00,mic:288,Speaker_32,angry,1.00000000,0.00000000,0.01094624,ฟ้า ถี่ ถ้ารา ช่วย แค่ คูปู่,1.00000000,0.00000000,0.00000000,0.00000000,0.00000000,0.00000000
2025-12-31T17:22:31+00:00,mic:289,Speaker_32 [Match: Low - Tone Change?,angry,1.00000000,0.00000000,0.01184457,ถ้านรั ใช่ แค่ คัวคัว โก โก โก ก ปร โกหก,1.00000000,0.00000000,0.00000000,0.00000000,0.00000000,0.00000000
2025-12-31T17:22:33+00:00,mic:290,Speaker_32 [Match: Low - Tone Change?,angry,1.00000000,0.00000000,0.01168566,พก กกอ๋ปี่ ทะเล,1.00000000,0.00000000,0.00000000,0.00000000,0.00000000,0.00000000
2025-12-31T17:22:34+00:00,mic:291,Speaker_18 [Match: Low - Tone Change?,angry,1.00000000,0.00000000,0.01160964,เอ ปรี ทะไล เหีย นะเล,1.00000000,0.00000000,0.00000000,0.00000000,0.00000000,0.00000000
2025-12-31T17:23:05+00:00,mic:292,Speaker_18 [Match: Low - Tone Change?,angry,1.00000000,0.00000000,0.01008886,โต อะไร บ้าง นะ รู ด้วย ไกล,1.00000000,0.00000000,0.00000000,0.00000000,0.00000000,0.00000000
2025-12-31T17:23:06+00:00,mic:293,Speaker_18 [Match: Low - Tone Change?,angry,0.54133523,0.68972608,0.01195038,า อะไร บ้าง นะ รู ด้วยกัน,0.54133523,0.00000000,0.45866477,0.00000000,0.00000000,0.00000000
2025-12-31T17:23:07+00:00,mic:294,Speaker_18 [Match: Low - Tone Change?,angry,1.00000000,0.00000000,0.01228300,กัน รา โดอย,1.00000000,0.00000000,0.00000000,0.00000000,0.00000000,0.00000000
2025-12-31T17:23:09+00:00,mic:295,Speaker_8 [Match: Low - Tone Change?,angry,1.00000000,0.00000000,0.01394419,โด,1.00000000,0.00000000,0.00000000,0.00000000,0.00000000,0.00000000
2025-12-31T17:23:10+00:00,mic:296,Speaker_8 [Match: Low - Tone Change?,angry,1.00000000,0.00000000,0.01385118,ก่ะ อยูก พริก พรีก เรียรอยออ,1.00000000,0.00000000,0.00000000,0.00000000,0.00000000,0.00000000
2025-12-31T17:23:11+00:00,mic:297,Speaker_8 [Match: Low - Tone Change?,angry,1.00000000,0.00000000,0.01166481,มี่พิด เพียะ เลางหอก หรือ งานรก,1.00000000,0.00000000,0.00000000,0.00000000,0.00000000,0.00000000
2025-12-31T17:23:12+00:00,mic:298,Speaker_8 [Match: Low - Tone Change?,angry,1.00000000,0.00000000,0.01022801, หรือ งาน ลิ ซ ยา เร,1.00000000,0.00000000,0.00000000,0.00000000,0.00000000,0.00000000
2025-12-31T17:23:26+00:00,mic:299,Speaker_33,angry,1.00000000,0.00000000,0.01223325,เรา คงจะ ไม่ นู่,1.00000000,0.00000000,0.00000000,0.00000000,0.00000000,0.00000000
2025-12-31T17:23:28+00:00,mic:300,Speaker_33 [Match: Low - Tone Change?,angry,1.00000000,0.00000000,0.01141762,จะ มานีการา,1.00000000,0.00000000,0.00000000,0.00000000,0.00000000,0.00000000
2025-12-31T17:23:32+00:00,mic:301,Speaker_4 [Match: Medium - Check for Clone,angry,1.00000000,0.00000000,0.01097490,คุณ ปรอต เหมือน การ บอ กว่า ตอนทีอยู่ ด้วยกัน ครับ,1.00000000,0.00000000,0.00000000,0.00000000,0.00000000,0.00000000
2025-12-31T17:23:33+00:00,mic:302,Speaker_4 [Match: Medium - Check for Clone,angry,1.00000000,0.00000000,0.01130972,อน ที่อยู่ ด้วยกัน ครับ ดี่,1.00000000,0.00000000,0.00000000,0.00000000,0.00000000,0.00000000
2025-12-31T17:23:34+00:00,mic:303,Speaker_21 [Match: Low - Tone Change?,angry,1.00000000,0.00000000,0.01343979,ระค่าคา เตอ,1.00000000,0.00000000,0.00000000,0.00000000,0.00000000,0.00000000
2025-12-31T17:23:35+00:00,mic:304,Speaker_21 [Match: Low - Tone Change?,angry,1.00000000,0.00000000,0.01126436,อือา มะดัด,1.00000000,0.00000000,0.00000000,0.00000000,0.00000000,0.00000000
2025-12-31T17:24:00+00:00,mic:305,Speaker_18 [Match: Low - Tone Change?,angry,0.65779293,0.73521277,0.01038896,ลอ เดี๋ยว เกิบ จาก คน เา หาย มัน เลย,0.65779293,0.00000000,0.31591508,0.00000000,0.02629195,0.00000000
2025-12-31T17:24:09+00:00,mic:306,Speaker_0 [Match: Low - Tone Change?,angry,1.00000000,0.00000000,0.01058828,ไม่ รู้สึก ว่า เพื่อน หาย เพราะว่า เรา คุย กัน ตลอด,1.00000000,0.00000000,0.00000000,0.00000000,0.00000000,0.00000000
2025-12-31T17:24:10+00:00,mic:307,Speaker_0 [Match: Low - Tone Change?,angry,0.97633892,0.11196410,0.01083029,วาด เรา คุย กัน ตลอด มัน ถูง หั้ ัน ไม่ได้อม พังลิม,0.97633892,0.00000000,0.02366104,0.00000000,0.00000000,0.00000000
2025-12-31T17:24:11+00:00,mic:308,Speaker_0 [Match: Low - Tone Change?,angry,1.00000000,0.00000000,0.01207382,ธอ ไม่ต้อง พ้างหลีม,1.00000000,0.00000000,0.00000000,0.00000000,0.00000000,0.00000000
2025-12-31T17:25:20+00:00,mic:309,Speaker_18 [Match: Low - Tone Change?,angry,1.00000000,0.00000000,0.01111988,ใช่ ถมัน เธอ หรือ อย่าง มันนั่นมัน ง่,1.00000000,0.00000000,0.00000000,0.00000000,0.00000000,0.00000000
2025-12-31T17:25:21+00:00,mic:310,Speaker_0 [Match: Medium - Check for Clone,angry,1.00000000,0.00000000,0.01202446,มัน ็ มักคะทึก เหมือน ยัง ไม่ ได้ โยด คำ,1.00000000,0.00000000,0.00000000,0.00000000,0.00000000,0.00000000
2025-12-31T17:25:22+00:00,mic:311,Speaker_0 [Match: Medium - Check for Clone,angry,1.00000000,0.00000000,0.01210984,เหมือน ยัง ไม่ ได้ โหยด คำ นิดหน่อย,1.00000000,0.00000000,0.00000000,0.00000000,0.00000000,0.00000000
2025-12-31T17:25:24+00:00,mic:312,Speaker_0 [Match: Low - Tone Change?,angry,0.99196166,0.04677920,0.01075293,คำ นิดหน่อย คุณ ก็ ราม ล่ะนี่ เพึ่ง ได้ พ,0.99196166,0.00000000,0.00803836,0.00000000,0.00000000,0.00000000
2025-12-31T17:25:25+00:00,mic:313,Speaker_0 [Match: Low - Tone Change?,angry,1.00000000,0.00000000,0.01040359,นี่ เพึ่ง ได้ ปากแกม นะ,1.00000000,0.00000000,0.00000000,0.00000000,0.00000000,0.00000000
2025-12-31T17:25:38+00:00,mic:314,Speaker_8 [Match: Low - Tone Change?,angry,1.00000000,0.00000000,0.01086572,ใส่ เลน มะ ตัน หถอ,1.00000000,0.00000000,0.00000000,0.00000000,0.00000000,0.00000000
2025-12-31T17:26:03+00:00,mic:315,Speaker_34,angry,0.77680570,0.53092125,0.01043633,อ่าน จะ ชัด กัน แล้ว ใช่มี,0.77680570,0.00000000,0.00000000,0.22319430,0.00000000,0.00000000
2025-12-31T17:26:04+00:00,mic:316,Speaker_8 [Match: Low - Tone Change?,angry,1.00000000,0.00000000,0.01070417,กัน แล้ว ฉัน มีค่า ถ้า โต,1.00000000,0.00000000,0.00000000,0.00000000,0.00000000,0.00000000
2025-12-31T17:26:09+00:00,mic:317,Speaker_35,angry,1.00000000,0.00000000,0.01147876,อ่า โค้ท่ ย่า หา พอม นี้ มา พูด,1.00000000,0.00000000,0.00000000,0.00000000,0.00000000,0.00000000
2025-12-31T17:26:10+00:00,mic:318,Speaker_35 [Match: Medium - Check for Clone,angry,1.00000000,0.00000000,0.01247557,อยาง ทำ นี้ มา ถูด,1.00000000,0.00000000,0.00000000,0.00000000,0.00000000,0.00000000
2025-12-31T17:26:12+00:00,mic:319,Speaker_36,angry,1.00000000,0.00000000,0.01222203,นี้มา พู แร้า ค่าคัคักักม พญ โก บิ้,1.00000000,0.00000000,0.00000000,0.00000000,0.00000000,0.00000000
2025-12-31T17:26:13+00:00,mic:320,Speaker_36 [Match: Low - Tone Change?,angry,1.00000000,0.00000000,0.01143353,นั เปรียว บู บี้ ไพระ อโด่มน้ำ,1.00000000,0.00000000,0.00000000,0.00000000,0.00000000,0.00000000
2025-12-31T17:26:14+00:00,mic:321,Speaker_36 [Match: Low - Tone Change?,angry,1.00000000,0.00000000,0.01055332,อยา ดู บี้ เพืช บ่ม น้ำ,1.00000000,0.00000000,0.00000000,0.00000000,0.00000000,0.00000000
2025-12-31T17:26:18+00:00,mic:322,Speaker_37,angry,1.00000000,0.00000000,0.01054146,ก พี่ เสียม มูเบล เรียบบน้ำ,1.00000000,0.00000000,0.00000000,0.00000000,0.00000000,0.00000000
2025-12-31T17:26:19+00:00,mic:323,Speaker_37 [Match: Medium - Check for Clone,angry,1.00000000,0.00000000,0.01044905,เสียมู เบล เรี่ยบบ นะำ,1.00000000,0.00000000,0.00000000,0.00000000,0.00000000,0.00000000
2025-12-31T17:27:04+00:00,mic:324,Speaker_0 [Match: Low - Tone Change?,angry,0.97539473,0.11545742,0.01007610,ง ได้สวัส หม,0.97539473,0.00000000,0.00000000,0.00000000,0.02460523,0.00000000
2025-12-31T17:27:06+00:00,mic:325,Speaker_0 [Match: Low - Tone Change?,angry,0.55289555,0.69150073,0.01006161,สวัสมนต์ ม็่ ไป พแต ทม อะไร,0.55289555,0.00000000,0.44659534,0.00000000,0.00050917,0.00000000
2025-12-31T17:27:33+00:00,mic:326,Speaker_6 [Match: Low - Tone Change?,angry,1.00000000,0.00000000,0.01250887,กือร่าง ไป หลาย คน เกี่ยว ไม่ ได้ แปลวจ,1.00000000,0.00000000,0.00000000,0.00000000,0.00000000,0.00000000
2025-12-31T17:27:35+00:00,mic:327,Speaker_6 [Match: Medium - Check for Clone,angry,1.00000000,0.00000000,0.01322895,ไป หลาย คน เกี่ยว ไม่ เรี้ แปล ว่า จะ ไม่ โดน,1.00000000,0.00000000,0.00000000,0.00000000,0.00000000,0.00000000
2025-12-31T17:27:36+00:00,mic:328,Speaker_6 [Match: Low - Tone Change?,angry,1.00000000,0.00000000,0.01439916,ดนังแปล ว่าจะ ไม่ โดน หัก รหาร อ อ่าน อะ โง ก้า พา ไหล่,1.00000000,0.00000000,0.00000000,0.00000000,0.00000000,0.00000000
2025-12-31T17:27:37+00:00,mic:329,Speaker_0 [Match: Low - Tone Change?,angry,0.96318829,0.15767574,0.01306021,ดู ก้าไฟ ไหล่ คน รจะ นอน หลาย คน,0.96318829,0.00000000,0.03681172,0.00000000,0.00000000,0.00000000
2025-12-31T17:27:38+00:00,mic:330,Speaker_0 [Match: Medium - Check for Clone,angry,0.68119973,0.70575371,0.01192378,ไฟ หลาย คน จะ นอน หลาย คน เหื่อน โน่น ท้งลน,0.68119973,0.00000000,0.29689559,0.00000000,0.02190462,0.00000000
2025-12-31T17:27:40+00:00,mic:331,Speaker_38,angry,0.68917805,0.77138114,0.01122113,เพื่อนนน ของ โหน มา กระโสร์ ยิ่ง ได้ หลาย คน,0.68917805,0.00000000,0.25142321,0.00000000,0.05939880,0.00000000
2025-12-31T17:27:44+00:00,mic:332,Speaker_6 [Match: Low - Tone Change?,angry,0.51653093,1.10341249,0.01006348,ย เป็น ที่ จับจ้อง เพาะว้าง คุณ ดู ออก มื่อมา สนักท่องเที่ยว,0.51653093,0.29474252,0.15979388,0.00000000,0.02719740,0.00173532
2025-12-31T17:27:45+00:00,mic:333,Speaker_6 [Match: Low - Tone Change?,angry,0.40841618,1.19281762,0.01064065,าน คุณ ดู ออก เมื่อมา สุนักท่องเที่ยวอื,0.40841618,0.32906950,0.22489554,0.00000000,0.03718497,0.00043385
2025-12-31T17:27:46+00:00,mic:334,Speaker_6 [Match: Low - Tone Change?,angry,0.41913769,1.16872260,0.01007174,นักท่องเที่ยว อือคือ การ ให้ เรา แป คน,0.41913769,0.37081373,0.16827677,0.00000000,0.04099866,0.00077305
2025-12-31T17:27:47+00:00,mic:335,Speaker_6 [Match: Medium - Check for Clone,angry,0.54441261,1.06712684,0.01046163,อือคือ การ ที่ เรา ไป คนเดียว เรา เดิน กระถับกระท,0.54441261,0.29732946,0.12760666,0.00000000,0.02917310,0.00147818
2025-12-31T17:27:51+00:00,mic:336,Speaker_6 [Match: Medium - Check for Clone,angry,1.00000000,0.00000000,0.01045230,ธอ ทบทั่ง ท่างทะงทระงทะทา ปะ มัน ดูเหมือน มัน ดู เนี่ ย กว่า คน ลอโขล ้,1.00000000,0.00000000,0.00000000,0.00000000,0.00000000,0.00000000
2025-12-31T17:27:57+00:00,mic:337,Speaker_6 [Match: Medium - Check for Clone,angry,0.75053298,0.61301405,0.01016647,ก็ คือ ถ้า เรา เดิมับ อ้อย อิง เดินแบบ เอิง เดม,0.75053298,0.00000000,0.23639695,0.00000000,0.01307007,0.00000000
2025-12-31T17:27:59+00:00,mic:338,Speaker_6 [Match: Medium - Check for Clone,angry,0.82181913,0.58261774,0.01022672,บะเอิญ เดิน ไป ซ่ายไป ขวา เดินบบ อือ,0.82181913,0.00000000,0.11793828,0.00000000,0.06024253,0.00000000
2025-12-31T17:28:00+00:00,mic:339,Speaker_6 [Match: Medium - Check for Clone,angry,0.99027747,0.05472258,0.01045063,ร้น เปก ขวา เดิน บบ อือ บบ มือ,0.99027747,0.00000000,0.00000000,0.00000000,0.00972252,0.00000000
2025-12-31T17:28:01+00:00,mic:340,Speaker_6 [Match: Low - Tone Change?,angry,0.59559613,0.79713761,0.01029262,อือ บบ มื บับ ังึ่งง่า งั้งานล,0.59559613,0.00000000,0.36799318,0.00000000,0.03641071,0.00000000
2025-12-31T17:28:18+00:00,mic:341,Speaker_4 [Match: Low - Tone Change?,angry,0.92598099,0.27156732,0.01007219,ยาย กระต้อง ระวังตัว นิ้น ไม่ มา เป็นกู๋วยม ก๋วยโย ทั้ง ก้า หมื,0.92598099,0.00000000,0.07243557,0.00000000,0.00000000,0.00158346
2025-12-31T17:28:19+00:00,mic:342,Speaker_4 [Match: Low - Tone Change?,angry,1.00000000,0.00000000,0.01016063,มา เป็น กลุ่น ก็ โย่น ทาง เก้าโม แล้ว,1.00000000,0.00000000,0.00000000,0.00000000,0.00000000,0.00000000
2025-12-31T17:28:44+00:00,mic:343,Speaker_26 [Match: Low - Tone Change?,angry,1.00000000,0.00000000,0.01045536,แนน ไม่ อรู ปั,1.00000000,0.00000000,0.00000000,0.00000000,0.00000000,0.00000000
2025-12-31T17:28:45+00:00,mic:344,Speaker_26 [Match: Low - Tone Change?,angry,1.00000000,0.00000000,0.01092476,ไม อุปาสีหนา ทำ ไรหร,1.00000000,0.00000000,0.00000000,0.00000000,0.00000000,0.00000000
2025-12-31T17:28:47+00:00,mic:345,Speaker_26 [Match: Low - Tone Change?,angry,1.00000000,0.00000000,0.01192960,กษณะ ทำหน่อมะลา,1.00000000,0.00000000,0.00000000,0.00000000,0.00000000,0.00000000
